ts_iso,method,path,status_code,duration_ms,remote_addr
2025-12-17T20:09:21.445530,POST,/upload,200,59.236,127.0.0.1
2025-12-17T20:09:48.647135,POST,/upload,200,327.024,127.0.0.1
2025-12-17T20:09:58.637386,POST,/upload,200,3290.37,127.0.0.1
2025-12-17T20:10:23.071037,POST,/search,200,37.506,127.0.0.1
2025-12-17T20:10:23.094033,GET,/doc/emp_001,200,9.416,127.0.0.1
2025-12-17T20:10:23.113335,GET,/doc/emp_011,200,10.987,127.0.0.1
2025-12-17T20:10:23.126472,GET,/doc/emp_015,200,8.793,127.0.0.1
2025-12-17T20:10:23.156722,GET,/doc/emp_017,200,9.081,127.0.0.1
2025-12-17T20:10:23.188418,GET,/doc/emp_020,200,9.637,127.0.0.1
2025-12-17T20:10:23.219778,GET,/doc/emp_023,200,9.117,127.0.0.1
2025-12-17T20:10:23.260496,GET,/doc/emp_029,200,8.597,127.0.0.1
2025-12-17T20:10:23.291558,GET,/doc/emp_030,200,9.179,127.0.0.1
2025-12-17T20:10:23.323680,GET,/doc/emp_032,200,9.538,127.0.0.1
2025-12-17T20:10:23.356415,GET,/doc/emp_033,200,10.301,127.0.0.1
2025-12-17T20:10:23.386508,GET,/doc/emp_041,200,9.646,127.0.0.1
2025-12-17T20:10:23.418910,GET,/doc/emp_043,200,10.146,127.0.0.1
2025-12-17T20:10:23.448836,GET,/doc/emp_050,200,8.915,127.0.0.1
2025-12-17T20:10:23.480598,GET,/doc/emp_051,200,9.333,127.0.0.1
2025-12-17T20:10:23.512584,GET,/doc/emp_061,200,9.753,127.0.0.1
2025-12-17T20:10:23.527825,GET,/doc/emp_065,200,11.02,127.0.0.1
2025-12-17T20:10:23.561697,GET,/doc/emp_067,200,11.936,127.0.0.1
2025-12-17T20:10:23.575843,GET,/doc/emp_070,200,10.523,127.0.0.1
2025-12-17T20:10:23.590343,GET,/doc/emp_073,200,10.661,127.0.0.1
2025-12-17T20:10:23.624352,GET,/doc/emp_079,200,11.456,127.0.0.1
2025-12-17T20:10:23.638865,GET,/doc/emp_080,200,10.891,127.0.0.1
2025-12-17T20:10:23.669778,GET,/doc/emp_082,200,9.206,127.0.0.1
2025-12-17T20:10:23.700794,GET,/doc/emp_083,200,9.874,127.0.0.1
2025-12-17T20:10:23.731870,GET,/doc/emp_091,200,9.102,127.0.0.1
2025-12-17T20:10:23.763502,GET,/doc/emp_093,200,9.687,127.0.0.1
2025-12-17T20:10:23.795091,GET,/doc/emp_100,200,9.462,127.0.0.1
2025-12-17T20:10:23.825457,GET,/doc/emp_101,200,9.095,127.0.0.1
2025-12-17T20:10:23.857766,GET,/doc/emp_111,200,9.358,127.0.0.1
2025-12-17T20:10:23.889903,GET,/doc/emp_115,200,9.484,127.0.0.1
2025-12-17T20:10:23.922144,GET,/doc/emp_117,200,9.312,127.0.0.1
2025-12-17T20:10:23.953348,GET,/doc/emp_120,200,9.582,127.0.0.1
2025-12-17T20:10:23.985172,GET,/doc/emp_123,200,10.316,127.0.0.1
2025-12-17T20:10:24.014826,GET,/doc/emp_129,200,16.026,127.0.0.1
2025-12-17T20:10:24.046612,GET,/doc/emp_130,200,9.165,127.0.0.1
2025-12-17T20:10:24.077174,GET,/doc/emp_132,200,9.531,127.0.0.1
2025-12-17T20:10:24.090896,GET,/doc/emp_133,200,10.22,127.0.0.1
2025-12-17T20:10:24.103546,GET,/doc/emp_141,200,8.888,127.0.0.1
2025-12-17T20:10:24.139610,GET,/doc/emp_143,200,10.111,127.0.0.1
2025-12-17T20:10:24.171079,GET,/doc/emp_150,200,9.731,127.0.0.1
2025-12-17T20:10:24.199248,GET,/doc/emp_151,200,9.221,127.0.0.1
2025-12-17T20:10:24.229985,GET,/doc/emp_161,200,9.147,127.0.0.1
2025-12-17T20:10:24.243674,GET,/doc/emp_165,200,9.679,127.0.0.1
2025-12-17T20:10:24.277149,GET,/doc/emp_167,200,10.067,127.0.0.1
2025-12-17T20:10:24.307272,GET,/doc/emp_170,200,8.607,127.0.0.1
2025-12-17T20:10:24.341182,GET,/doc/emp_173,200,10.932,127.0.0.1
2025-12-17T20:10:24.370902,GET,/doc/emp_179,200,9.345,127.0.0.1
2025-12-17T20:10:24.403945,GET,/doc/emp_180,200,9.523,127.0.0.1
2025-12-17T20:10:24.434826,GET,/doc/emp_182,200,8.868,127.0.0.1
2025-12-17T20:10:24.465938,GET,/doc/emp_183,200,8.87,127.0.0.1
2025-12-17T20:10:24.497812,GET,/doc/emp_191,200,8.911,127.0.0.1
2025-12-17T20:10:24.528585,GET,/doc/emp_193,200,9.17,127.0.0.1
2025-12-17T20:10:24.559670,GET,/doc/emp_200,200,8.81,127.0.0.1
2025-12-17T20:10:24.592049,GET,/doc/emp_201,200,9.333,127.0.0.1
2025-12-17T20:10:24.623378,GET,/doc/emp_211,200,8.846,127.0.0.1
2025-12-17T20:10:24.655264,GET,/doc/emp_215,200,9.177,127.0.0.1
2025-12-17T20:10:24.686721,GET,/doc/emp_217,200,9.368,127.0.0.1
2025-12-17T20:10:24.702199,GET,/doc/emp_220,200,11.337,127.0.0.1
2025-12-17T20:10:24.717778,GET,/doc/emp_223,200,12.034,127.0.0.1
2025-12-17T20:10:24.730960,GET,/doc/emp_229,200,9.57,127.0.0.1
2025-12-17T20:10:24.744801,GET,/doc/emp_230,200,9.591,127.0.0.1
2025-12-17T20:10:24.780314,GET,/doc/emp_232,200,8.735,127.0.0.1
2025-12-17T20:10:24.792544,GET,/doc/emp_233,200,8.567,127.0.0.1
2025-12-17T20:10:24.804503,GET,/doc/emp_241,200,8.554,127.0.0.1
2025-12-17T20:10:24.827758,GET,/doc/emp_243,200,9.055,127.0.0.1
2025-12-17T20:10:24.859306,GET,/doc/emp_250,200,9.021,127.0.0.1
2025-12-17T20:10:24.919561,GET,/doc/emp_251,200,38.002,127.0.0.1
2025-12-17T20:10:24.956224,GET,/doc/emp_261,200,8.716,127.0.0.1
2025-12-17T20:10:24.991184,GET,/doc/emp_265,200,8.943,127.0.0.1
2025-12-17T20:10:25.021963,GET,/doc/emp_267,200,8.749,127.0.0.1
2025-12-17T20:10:25.053511,GET,/doc/emp_270,200,8.821,127.0.0.1
2025-12-17T20:10:25.083922,GET,/doc/emp_273,200,8.729,127.0.0.1
2025-12-17T20:10:25.115273,GET,/doc/emp_279,200,8.849,127.0.0.1
2025-12-17T20:10:25.147085,GET,/doc/emp_280,200,9.608,127.0.0.1
2025-12-17T20:10:25.176249,GET,/doc/emp_282,200,8.722,127.0.0.1
2025-12-17T20:10:25.207665,GET,/doc/emp_283,200,9.477,127.0.0.1
2025-12-17T20:10:25.237896,GET,/doc/emp_291,200,8.516,127.0.0.1
2025-12-17T20:10:25.270461,GET,/doc/emp_293,200,8.597,127.0.0.1
2025-12-17T20:10:25.298537,GET,/doc/emp_300,200,9.102,127.0.0.1
2025-12-17T20:10:25.328510,GET,/doc/emp_301,200,8.851,127.0.0.1
2025-12-17T20:10:25.358416,GET,/doc/emp_311,200,8.634,127.0.0.1
2025-12-17T20:10:25.390689,GET,/doc/emp_315,200,8.467,127.0.0.1
2025-12-17T20:10:25.422654,GET,/doc/emp_317,200,8.592,127.0.0.1
2025-12-17T20:10:25.453645,GET,/doc/emp_320,200,9.244,127.0.0.1
2025-12-17T20:10:25.483609,GET,/doc/emp_323,200,8.684,127.0.0.1
2025-12-17T20:10:25.513856,GET,/doc/emp_329,200,8.738,127.0.0.1
2025-12-17T20:10:25.546170,GET,/doc/emp_330,200,9.675,127.0.0.1
2025-12-17T20:10:25.571382,GET,/doc/emp_332,200,10.028,127.0.0.1
2025-12-17T20:10:25.602007,GET,/doc/emp_333,200,9.347,127.0.0.1
2025-12-17T20:10:25.633462,GET,/doc/emp_341,200,9.108,127.0.0.1
2025-12-17T20:10:25.647462,GET,/doc/emp_343,200,10.22,127.0.0.1
2025-12-17T20:10:25.660899,GET,/doc/emp_350,200,9.449,127.0.0.1
2025-12-17T20:10:25.696054,GET,/doc/emp_351,200,8.687,127.0.0.1
2025-12-17T20:10:25.727377,GET,/doc/emp_361,200,9.108,127.0.0.1
2025-12-17T20:10:25.758044,GET,/doc/emp_365,200,8.522,127.0.0.1
2025-12-17T20:10:25.790463,GET,/doc/emp_367,200,9.453,127.0.0.1
2025-12-17T20:10:25.815099,GET,/doc/emp_370,200,8.681,127.0.0.1
2025-12-17T20:10:25.847042,GET,/doc/emp_373,200,9.086,127.0.0.1
2025-12-17T20:10:25.878357,GET,/doc/emp_379,200,8.733,127.0.0.1
2025-12-17T20:10:25.909167,GET,/doc/emp_380,200,8.8,127.0.0.1
2025-12-17T20:10:25.940818,GET,/doc/emp_382,200,9.327,127.0.0.1
2025-12-17T20:10:25.953687,GET,/doc/emp_383,200,8.952,127.0.0.1
2025-12-17T20:10:25.966414,GET,/doc/emp_391,200,8.937,127.0.0.1
2025-12-17T20:10:25.979777,GET,/doc/emp_393,200,9.274,127.0.0.1
2025-12-17T20:10:26.008689,GET,/doc/emp_400,200,8.804,127.0.0.1
2025-12-17T20:10:26.039683,GET,/doc/emp_401,200,9.036,127.0.0.1
2025-12-17T20:10:26.065473,GET,/doc/emp_411,200,9.835,127.0.0.1
2025-12-17T20:10:26.097078,GET,/doc/emp_415,200,8.752,127.0.0.1
2025-12-17T20:10:26.133237,GET,/doc/emp_417,200,9.827,127.0.0.1
2025-12-17T20:10:26.149565,GET,/doc/emp_420,200,12.45,127.0.0.1
2025-12-17T20:10:26.164402,GET,/doc/emp_423,200,11.181,127.0.0.1
2025-12-17T20:10:26.179507,GET,/doc/emp_429,200,10.776,127.0.0.1
2025-12-17T20:10:26.196895,GET,/doc/emp_430,200,12.678,127.0.0.1
2025-12-17T20:10:26.213230,GET,/doc/emp_432,200,12.472,127.0.0.1
2025-12-17T20:10:26.228391,GET,/doc/emp_433,200,10.667,127.0.0.1
2025-12-17T20:10:26.244530,GET,/doc/emp_441,200,11.97,127.0.0.1
2025-12-17T20:10:26.283950,GET,/doc/emp_443,200,11.367,127.0.0.1
2025-12-17T20:10:26.297427,GET,/doc/emp_450,200,9.687,127.0.0.1
2025-12-17T20:10:26.310992,GET,/doc/emp_451,200,9.627,127.0.0.1
2025-12-17T20:10:26.324204,GET,/doc/emp_461,200,9.213,127.0.0.1
2025-12-17T20:10:26.337321,GET,/doc/emp_465,200,9.526,127.0.0.1
2025-12-17T20:10:26.351074,GET,/doc/emp_467,200,10.274,127.0.0.1
2025-12-17T20:10:26.375493,GET,/doc/emp_470,200,9.816,127.0.0.1
2025-12-17T20:10:26.411425,GET,/doc/emp_473,200,12.055,127.0.0.1
2025-12-17T20:10:26.440593,GET,/doc/emp_479,200,9.791,127.0.0.1
2025-12-17T20:10:26.470206,GET,/doc/emp_480,200,8.585,127.0.0.1
2025-12-17T20:10:26.482729,GET,/doc/emp_482,200,8.976,127.0.0.1
2025-12-17T20:10:26.518058,GET,/doc/emp_483,200,9.23,127.0.0.1
2025-12-17T20:10:26.549532,GET,/doc/emp_491,200,9.948,127.0.0.1
2025-12-17T20:10:26.580934,GET,/doc/emp_493,200,10.762,127.0.0.1
2025-12-17T20:10:26.610202,GET,/doc/emp_500,200,9.338,127.0.0.1
2025-12-17T20:10:26.641942,GET,/doc/emp_501,200,9.669,127.0.0.1
2025-12-17T20:10:26.673541,GET,/doc/emp_511,200,10.108,127.0.0.1
2025-12-17T20:10:26.704518,GET,/doc/emp_515,200,9.347,127.0.0.1
2025-12-17T20:10:26.717530,GET,/doc/emp_517,200,9.3,127.0.0.1
2025-12-17T20:10:26.752055,GET,/doc/emp_520,200,10.401,127.0.0.1
2025-12-17T20:10:26.783914,GET,/doc/emp_523,200,11.597,127.0.0.1
2025-12-17T20:10:26.801562,GET,/doc/emp_529,200,13.178,127.0.0.1
2025-12-17T20:10:26.815103,GET,/doc/emp_530,200,9.577,127.0.0.1
2025-12-17T20:10:26.829346,GET,/doc/emp_532,200,10.039,127.0.0.1
2025-12-17T20:10:26.867364,GET,/doc/emp_533,200,10.576,127.0.0.1
2025-12-17T20:10:26.881526,GET,/doc/emp_541,200,10.304,127.0.0.1
2025-12-17T20:10:26.914045,GET,/doc/emp_543,200,10.538,127.0.0.1
2025-12-17T20:10:26.948958,GET,/doc/emp_550,200,12.924,127.0.0.1
2025-12-17T20:10:26.973672,GET,/doc/emp_551,200,11.554,127.0.0.1
2025-12-17T20:10:26.987783,GET,/doc/emp_561,200,10.282,127.0.0.1
2025-12-17T20:10:27.002986,GET,/doc/emp_565,200,11.167,127.0.0.1
2025-12-17T20:10:27.018506,GET,/doc/emp_567,200,11.137,127.0.0.1
2025-12-17T20:10:27.033119,GET,/doc/emp_570,200,10.923,127.0.0.1
2025-12-17T20:10:27.047142,GET,/doc/emp_573,200,10.229,127.0.0.1
2025-12-17T20:10:27.060604,GET,/doc/emp_579,200,9.262,127.0.0.1
2025-12-17T20:10:27.088501,GET,/doc/emp_580,200,10.104,127.0.0.1
2025-12-17T20:10:27.102369,GET,/doc/emp_582,200,10.139,127.0.0.1
2025-12-17T20:10:27.135962,GET,/doc/emp_583,200,10.474,127.0.0.1
2025-12-17T20:10:27.151380,GET,/doc/emp_591,200,11.263,127.0.0.1
2025-12-17T20:10:27.169548,GET,/doc/emp_593,200,11.703,127.0.0.1
2025-12-17T20:10:27.184418,GET,/doc/emp_600,200,10.259,127.0.0.1
2025-12-17T20:10:27.198047,GET,/doc/emp_601,200,9.134,127.0.0.1
2025-12-17T20:10:27.211241,GET,/doc/emp_611,200,9.701,127.0.0.1
2025-12-17T20:10:27.244943,GET,/doc/emp_615,200,9.86,127.0.0.1
2025-12-17T20:10:27.277390,GET,/doc/emp_617,200,10.512,127.0.0.1
2025-12-17T20:10:27.291926,GET,/doc/emp_620,200,10.637,127.0.0.1
2025-12-17T20:10:27.323982,GET,/doc/emp_623,200,9.527,127.0.0.1
2025-12-17T20:10:27.355184,GET,/doc/emp_629,200,9.618,127.0.0.1
2025-12-17T20:10:27.368912,GET,/doc/emp_630,200,9.662,127.0.0.1
2025-12-17T20:10:27.396414,GET,/doc/emp_632,200,9.701,127.0.0.1
2025-12-17T20:10:27.409568,GET,/doc/emp_633,200,9.443,127.0.0.1
2025-12-17T20:10:27.423829,GET,/doc/emp_641,200,10.12,127.0.0.1
2025-12-17T20:10:27.437825,GET,/doc/emp_643,200,9.996,127.0.0.1
2025-12-17T20:10:27.474706,GET,/doc/emp_650,200,9.363,127.0.0.1
2025-12-17T20:10:27.487993,GET,/doc/emp_651,200,9.452,127.0.0.1
2025-12-17T20:10:27.523415,GET,/doc/emp_661,200,10.671,127.0.0.1
2025-12-17T20:10:27.549612,GET,/doc/emp_665,200,9.298,127.0.0.1
2025-12-17T20:10:27.582949,GET,/doc/emp_667,200,9.511,127.0.0.1
2025-12-17T20:10:27.615551,GET,/doc/emp_670,200,12.327,127.0.0.1
2025-12-17T20:10:27.645773,GET,/doc/emp_673,200,10.386,127.0.0.1
2025-12-17T20:10:27.696450,GET,/doc/emp_679,200,16.526,127.0.0.1
2025-12-17T20:10:27.711407,GET,/doc/emp_680,200,10.016,127.0.0.1
2025-12-17T20:10:27.724667,GET,/doc/emp_682,200,9.224,127.0.0.1
2025-12-17T20:10:27.737398,GET,/doc/emp_683,200,8.834,127.0.0.1
2025-12-17T20:10:27.751282,GET,/doc/emp_691,200,10.022,127.0.0.1
2025-12-17T20:10:27.785010,GET,/doc/emp_693,200,9.109,127.0.0.1
2025-12-17T20:10:27.815893,GET,/doc/emp_700,200,8.828,127.0.0.1
2025-12-17T20:10:27.847668,GET,/doc/emp_701,200,9.618,127.0.0.1
2025-12-17T20:10:27.880967,GET,/doc/emp_711,200,11.484,127.0.0.1
2025-12-17T20:10:27.910810,GET,/doc/emp_715,200,10.348,127.0.0.1
2025-12-17T20:10:27.941362,GET,/doc/emp_717,200,9.682,127.0.0.1
2025-12-17T20:10:27.954080,GET,/doc/emp_720,200,8.914,127.0.0.1
2025-12-17T20:10:27.986485,GET,/doc/emp_723,200,8.951,127.0.0.1
2025-12-17T20:10:28.019505,GET,/doc/emp_729,200,11.22,127.0.0.1
2025-12-17T20:10:28.033257,GET,/doc/emp_730,200,9.706,127.0.0.1
2025-12-17T20:10:28.065406,GET,/doc/emp_732,200,10.155,127.0.0.1
2025-12-17T20:10:28.079903,GET,/doc/emp_733,200,10.397,127.0.0.1
2025-12-17T20:10:28.094569,GET,/doc/emp_741,200,10.227,127.0.0.1
2025-12-17T20:10:28.128456,GET,/doc/emp_743,200,10.152,127.0.0.1
2025-12-17T20:10:28.158114,GET,/doc/emp_750,200,9.547,127.0.0.1
2025-12-17T20:10:28.171309,GET,/doc/emp_751,200,9.555,127.0.0.1
2025-12-17T20:10:28.184229,GET,/doc/emp_761,200,9.122,127.0.0.1
2025-12-17T20:10:28.214991,GET,/doc/emp_765,200,9.799,127.0.0.1
2025-12-17T20:10:28.245314,GET,/doc/emp_767,200,8.878,127.0.0.1
2025-12-17T20:10:28.284346,GET,/doc/emp_770,200,8.732,127.0.0.1
2025-12-17T20:10:28.315881,GET,/doc/emp_773,200,8.438,127.0.0.1
2025-12-17T20:10:28.347770,GET,/doc/emp_779,200,9.164,127.0.0.1
2025-12-17T20:10:28.380505,GET,/doc/emp_780,200,9.903,127.0.0.1
2025-12-17T20:10:28.410786,GET,/doc/emp_782,200,9.208,127.0.0.1
2025-12-17T20:10:28.423892,GET,/doc/emp_783,200,9.37,127.0.0.1
2025-12-17T20:10:28.456667,GET,/doc/emp_791,200,8.798,127.0.0.1
2025-12-17T20:10:28.487083,GET,/doc/emp_793,200,8.62,127.0.0.1
2025-12-17T20:10:28.519187,GET,/doc/emp_800,200,8.911,127.0.0.1
2025-12-17T20:10:28.548918,GET,/doc/emp_801,200,8.523,127.0.0.1
2025-12-17T20:10:28.582560,GET,/doc/emp_811,200,10.0,127.0.0.1
2025-12-17T20:10:28.615463,GET,/doc/emp_815,200,8.724,127.0.0.1
2025-12-17T20:10:28.647286,GET,/doc/emp_817,200,9.387,127.0.0.1
2025-12-17T20:10:28.679061,GET,/doc/emp_820,200,9.588,127.0.0.1
2025-12-17T20:10:28.692567,GET,/doc/emp_823,200,9.07,127.0.0.1
2025-12-17T20:10:28.725471,GET,/doc/emp_829,200,8.863,127.0.0.1
2025-12-17T20:10:28.757785,GET,/doc/emp_830,200,8.604,127.0.0.1
2025-12-17T20:10:28.770158,GET,/doc/emp_832,200,8.726,127.0.0.1
2025-12-17T20:10:28.782912,GET,/doc/emp_833,200,8.73,127.0.0.1
2025-12-17T20:10:28.820904,GET,/doc/emp_841,200,9.021,127.0.0.1
2025-12-17T20:10:28.834351,GET,/doc/emp_843,200,9.372,127.0.0.1
2025-12-17T20:10:28.864189,GET,/doc/emp_850,200,8.912,127.0.0.1
2025-12-17T20:10:28.895795,GET,/doc/emp_851,200,8.853,127.0.0.1
2025-12-17T20:10:28.926958,GET,/doc/emp_861,200,8.578,127.0.0.1
2025-12-17T20:10:28.958501,GET,/doc/emp_865,200,9.042,127.0.0.1
2025-12-17T20:10:28.989309,GET,/doc/emp_867,200,8.642,127.0.0.1
2025-12-17T20:10:29.021135,GET,/doc/emp_870,200,9.522,127.0.0.1
2025-12-17T20:10:29.053241,GET,/doc/emp_873,200,9.583,127.0.0.1
2025-12-17T20:10:29.083943,GET,/doc/emp_879,200,8.794,127.0.0.1
2025-12-17T20:10:29.115680,GET,/doc/emp_880,200,8.535,127.0.0.1
2025-12-17T20:10:29.148118,GET,/doc/emp_882,200,8.498,127.0.0.1
2025-12-17T20:10:29.179906,GET,/doc/emp_883,200,9.853,127.0.0.1
2025-12-17T20:10:29.211624,GET,/doc/emp_891,200,9.971,127.0.0.1
2025-12-17T20:10:29.243052,GET,/doc/emp_893,200,10.166,127.0.0.1
2025-12-17T20:10:29.265602,GET,/doc/emp_900,200,8.56,127.0.0.1
2025-12-17T20:10:29.297273,GET,/doc/emp_901,200,9.696,127.0.0.1
2025-12-17T20:10:29.325058,GET,/doc/emp_911,200,8.79,127.0.0.1
2025-12-17T20:10:29.338304,GET,/doc/emp_915,200,9.065,127.0.0.1
2025-12-17T20:10:29.363178,GET,/doc/emp_917,200,9.398,127.0.0.1
2025-12-17T20:10:29.393696,GET,/doc/emp_920,200,8.947,127.0.0.1
2025-12-17T20:10:29.424721,GET,/doc/emp_923,200,8.955,127.0.0.1
2025-12-17T20:10:29.456763,GET,/doc/emp_929,200,9.314,127.0.0.1
2025-12-17T20:10:29.469197,GET,/doc/emp_930,200,8.804,127.0.0.1
2025-12-17T20:10:29.503340,GET,/doc/emp_932,200,9.308,127.0.0.1
2025-12-17T20:10:29.528056,GET,/doc/emp_933,200,9.313,127.0.0.1
2025-12-17T20:10:29.559347,GET,/doc/emp_941,200,9.035,127.0.0.1
2025-12-17T20:10:29.585062,GET,/doc/emp_943,200,9.549,127.0.0.1
2025-12-17T20:10:29.614641,GET,/doc/emp_950,200,9.55,127.0.0.1
2025-12-17T20:10:29.627786,GET,/doc/emp_951,200,9.136,127.0.0.1
2025-12-17T20:10:29.661165,GET,/doc/emp_961,200,9.536,127.0.0.1
2025-12-17T20:10:29.692935,GET,/doc/emp_965,200,9.539,127.0.0.1
2025-12-17T20:10:29.723982,GET,/doc/emp_967,200,9.491,127.0.0.1
2025-12-17T20:10:29.754983,GET,/doc/emp_970,200,8.97,127.0.0.1
2025-12-17T20:10:29.768091,GET,/doc/emp_973,200,8.962,127.0.0.1
2025-12-17T20:10:29.800865,GET,/doc/emp_979,200,9.356,127.0.0.1
2025-12-17T20:10:29.831206,GET,/doc/emp_980,200,8.524,127.0.0.1
2025-12-17T20:10:29.862732,GET,/doc/emp_982,200,8.61,127.0.0.1
2025-12-17T20:10:29.895508,GET,/doc/emp_983,200,9.626,127.0.0.1
2025-12-17T20:10:29.925128,GET,/doc/emp_991,200,8.527,127.0.0.1
2025-12-17T20:10:29.955706,GET,/doc/emp_993,200,8.588,127.0.0.1
2025-12-17T20:10:29.986712,GET,/doc/emp_1000,200,8.736,127.0.0.1
2025-12-17T20:10:30.017228,GET,/doc/emp_1001,200,8.442,127.0.0.1
2025-12-17T20:10:30.048856,GET,/doc/emp_1011,200,8.416,127.0.0.1
2025-12-17T20:10:30.081264,GET,/doc/emp_1015,200,8.475,127.0.0.1
2025-12-17T20:10:30.112679,GET,/doc/emp_1017,200,8.655,127.0.0.1
2025-12-17T20:10:30.143045,GET,/doc/emp_1020,200,8.67,127.0.0.1
2025-12-17T20:10:30.174045,GET,/doc/emp_1023,200,8.756,127.0.0.1
2025-12-17T20:10:30.206046,GET,/doc/emp_1029,200,9.301,127.0.0.1
2025-12-17T20:10:30.258287,GET,/doc/emp_1030,200,8.623,127.0.0.1
2025-12-17T20:10:30.289815,GET,/doc/emp_1032,200,8.61,127.0.0.1
2025-12-17T20:10:30.315498,GET,/doc/emp_1033,200,8.878,127.0.0.1
2025-12-17T20:10:30.346305,GET,/doc/emp_1041,200,8.889,127.0.0.1
2025-12-17T20:10:30.378087,GET,/doc/emp_1043,200,10.001,127.0.0.1
2025-12-17T20:10:30.414359,GET,/doc/emp_1050,200,8.371,127.0.0.1
2025-12-17T20:10:30.445776,GET,/doc/emp_1051,200,8.562,127.0.0.1
2025-12-17T20:10:30.477232,GET,/doc/emp_1061,200,8.776,127.0.0.1
2025-12-17T20:10:30.508043,GET,/doc/emp_1065,200,8.344,127.0.0.1
2025-12-17T20:10:30.540583,GET,/doc/emp_1067,200,9.674,127.0.0.1
2025-12-17T20:10:30.569483,GET,/doc/emp_1070,200,8.441,127.0.0.1
2025-12-17T20:10:30.610532,GET,/doc/emp_1073,200,9.028,127.0.0.1
2025-12-17T20:10:30.641596,GET,/doc/emp_1079,200,9.163,127.0.0.1
2025-12-17T20:10:30.671978,GET,/doc/emp_1080,200,8.682,127.0.0.1
2025-12-17T20:10:30.703154,GET,/doc/emp_1082,200,9.141,127.0.0.1
2025-12-17T20:10:30.732797,GET,/doc/emp_1083,200,8.433,127.0.0.1
2025-12-17T20:10:30.765629,GET,/doc/emp_1091,200,9.665,127.0.0.1
2025-12-17T20:10:30.796188,GET,/doc/emp_1093,200,8.711,127.0.0.1
2025-12-17T20:10:30.829503,GET,/doc/emp_1100,200,9.812,127.0.0.1
2025-12-17T20:10:30.860927,GET,/doc/emp_1101,200,8.573,127.0.0.1
2025-12-17T20:10:30.891815,GET,/doc/emp_1111,200,8.95,127.0.0.1
2025-12-17T20:10:30.921407,GET,/doc/emp_1115,200,8.528,127.0.0.1
2025-12-17T20:10:30.952726,GET,/doc/emp_1117,200,8.572,127.0.0.1
2025-12-17T20:10:30.983065,GET,/doc/emp_1120,200,8.364,127.0.0.1
2025-12-17T20:10:31.016168,GET,/doc/emp_1123,200,9.078,127.0.0.1
2025-12-17T20:10:31.047142,GET,/doc/emp_1129,200,8.837,127.0.0.1
2025-12-17T20:10:31.077998,GET,/doc/emp_1130,200,8.664,127.0.0.1
2025-12-17T20:10:31.115568,GET,/doc/emp_1132,200,8.655,127.0.0.1
2025-12-17T20:10:31.148967,GET,/doc/emp_1133,200,8.314,127.0.0.1
2025-12-17T20:10:31.179599,GET,/doc/emp_1141,200,8.281,127.0.0.1
2025-12-17T20:10:31.212071,GET,/doc/emp_1143,200,9.445,127.0.0.1
2025-12-17T20:10:31.243388,GET,/doc/emp_1150,200,8.702,127.0.0.1
2025-12-17T20:10:31.274318,GET,/doc/emp_1151,200,8.543,127.0.0.1
2025-12-17T20:10:31.299930,GET,/doc/emp_1161,200,10.264,127.0.0.1
2025-12-17T20:10:31.337886,GET,/doc/emp_1165,200,13.883,127.0.0.1
2025-12-17T20:10:31.351886,GET,/doc/emp_1167,200,8.545,127.0.0.1
2025-12-17T20:10:31.380541,GET,/doc/emp_1170,200,10.597,127.0.0.1
2025-12-17T20:10:31.403547,GET,/doc/emp_1173,200,8.909,127.0.0.1
2025-12-17T20:10:31.434758,GET,/doc/emp_1179,200,8.689,127.0.0.1
2025-12-17T20:10:31.466616,GET,/doc/emp_1180,200,9.429,127.0.0.1
2025-12-17T20:10:31.498214,GET,/doc/emp_1182,200,9.293,127.0.0.1
2025-12-17T20:10:31.526643,GET,/doc/emp_1183,200,9.848,127.0.0.1
2025-12-17T20:10:31.557130,GET,/doc/emp_1191,200,9.235,127.0.0.1
2025-12-17T20:10:31.590532,GET,/doc/emp_1193,200,10.63,127.0.0.1
2025-12-17T20:10:31.619706,GET,/doc/emp_1200,200,9.295,127.0.0.1
2025-12-17T20:10:31.650339,GET,/doc/emp_1201,200,8.576,127.0.0.1
2025-12-17T20:10:31.681584,GET,/doc/emp_1211,200,9.003,127.0.0.1
2025-12-17T20:10:31.712733,GET,/doc/emp_1215,200,9.551,127.0.0.1
2025-12-17T20:10:31.743170,GET,/doc/emp_1217,200,8.743,127.0.0.1
2025-12-17T20:10:31.775568,GET,/doc/emp_1220,200,9.482,127.0.0.1
2025-12-17T20:10:31.806165,GET,/doc/emp_1223,200,9.202,127.0.0.1
2025-12-17T20:10:31.837300,GET,/doc/emp_1229,200,8.655,127.0.0.1
2025-12-17T20:10:31.867293,GET,/doc/emp_1230,200,8.637,127.0.0.1
2025-12-17T20:10:31.900044,GET,/doc/emp_1232,200,9.937,127.0.0.1
2025-12-17T20:10:31.928797,GET,/doc/emp_1233,200,8.681,127.0.0.1
2025-12-17T20:10:31.960752,GET,/doc/emp_1241,200,8.826,127.0.0.1
2025-12-17T20:10:31.992496,GET,/doc/emp_1243,200,9.084,127.0.0.1
2025-12-17T20:10:32.023115,GET,/doc/emp_1250,200,8.636,127.0.0.1
2025-12-17T20:10:32.061304,GET,/doc/emp_1251,200,8.812,127.0.0.1
2025-12-17T20:10:32.093287,GET,/doc/emp_1261,200,8.351,127.0.0.1
2025-12-17T20:10:32.124628,GET,/doc/emp_1265,200,8.671,127.0.0.1
2025-12-17T20:10:32.156209,GET,/doc/emp_1267,200,9.643,127.0.0.1
2025-12-17T20:10:32.189165,GET,/doc/emp_1270,200,9.056,127.0.0.1
2025-12-17T20:10:32.221459,GET,/doc/emp_1273,200,10.235,127.0.0.1
2025-12-17T20:10:32.250746,GET,/doc/emp_1279,200,8.683,127.0.0.1
2025-12-17T20:10:32.281717,GET,/doc/emp_1280,200,9.86,127.0.0.1
2025-12-17T20:10:32.313090,GET,/doc/emp_1282,200,9.957,127.0.0.1
2025-12-17T20:10:32.344565,GET,/doc/emp_1283,200,9.773,127.0.0.1
2025-12-17T20:10:32.377104,GET,/doc/emp_1291,200,10.927,127.0.0.1
2025-12-17T20:10:32.414614,GET,/doc/emp_1293,200,10.997,127.0.0.1
2025-12-17T20:10:32.441147,GET,/doc/emp_1300,200,9.891,127.0.0.1
2025-12-17T20:10:32.472327,GET,/doc/emp_1301,200,9.552,127.0.0.1
2025-12-17T20:10:32.504698,GET,/doc/emp_1311,200,10.682,127.0.0.1
2025-12-17T20:10:32.536459,GET,/doc/emp_1315,200,10.989,127.0.0.1
2025-12-17T20:10:32.566334,GET,/doc/emp_1317,200,9.927,127.0.0.1
2025-12-17T20:10:32.598946,GET,/doc/emp_1320,200,9.689,127.0.0.1
2025-12-17T20:10:32.630706,GET,/doc/emp_1323,200,10.68,127.0.0.1
2025-12-17T20:10:32.660478,GET,/doc/emp_1329,200,9.544,127.0.0.1
2025-12-17T20:10:32.684989,GET,/doc/emp_1330,200,9.182,127.0.0.1
2025-12-17T20:10:32.715425,GET,/doc/emp_1332,200,8.993,127.0.0.1
2025-12-17T20:10:32.746898,GET,/doc/emp_1333,200,9.068,127.0.0.1
2025-12-17T20:10:32.779171,GET,/doc/emp_1341,200,9.822,127.0.0.1
2025-12-17T20:10:32.795280,GET,/doc/emp_1343,200,11.607,127.0.0.1
2025-12-17T20:10:32.826876,GET,/doc/emp_1350,200,9.964,127.0.0.1
2025-12-17T20:10:32.856719,GET,/doc/emp_1351,200,9.672,127.0.0.1
2025-12-17T20:10:32.888525,GET,/doc/emp_1361,200,9.738,127.0.0.1
2025-12-17T20:10:32.918706,GET,/doc/emp_1365,200,8.811,127.0.0.1
2025-12-17T20:10:32.949989,GET,/doc/emp_1367,200,10.313,127.0.0.1
2025-12-17T20:10:32.983087,GET,/doc/emp_1370,200,8.986,127.0.0.1
2025-12-17T20:10:33.015261,GET,/doc/emp_1373,200,9.212,127.0.0.1
2025-12-17T20:10:33.046333,GET,/doc/emp_1379,200,10.174,127.0.0.1
2025-12-17T20:10:33.076591,GET,/doc/emp_1380,200,9.619,127.0.0.1
2025-12-17T20:10:33.108079,GET,/doc/emp_1382,200,9.626,127.0.0.1
2025-12-17T20:10:33.138264,GET,/doc/emp_1383,200,8.932,127.0.0.1
2025-12-17T20:10:33.168559,GET,/doc/emp_1391,200,8.533,127.0.0.1
2025-12-17T20:10:33.201083,GET,/doc/emp_1393,200,9.441,127.0.0.1
2025-12-17T20:10:33.228310,GET,/doc/emp_1400,200,10.602,127.0.0.1
2025-12-17T20:10:33.242609,GET,/doc/emp_1401,200,9.183,127.0.0.1
2025-12-17T20:10:33.267434,GET,/doc/emp_1411,200,9.304,127.0.0.1
2025-12-17T20:10:33.299844,GET,/doc/emp_1415,200,9.328,127.0.0.1
2025-12-17T20:10:33.332717,GET,/doc/emp_1417,200,9.395,127.0.0.1
2025-12-17T20:10:33.367671,GET,/doc/emp_1420,200,10.311,127.0.0.1
2025-12-17T20:10:33.383062,GET,/doc/emp_1423,200,9.07,127.0.0.1
2025-12-17T20:10:33.418734,GET,/doc/emp_1429,200,10.324,127.0.0.1
2025-12-17T20:10:33.455728,GET,/doc/emp_1430,200,11.062,127.0.0.1
2025-12-17T20:10:33.489941,GET,/doc/emp_1432,200,13.486,127.0.0.1
2025-12-17T20:10:33.509972,GET,/doc/emp_1433,200,14.168,127.0.0.1
2025-12-17T20:10:33.527549,GET,/doc/emp_1441,200,13.308,127.0.0.1
2025-12-17T20:10:33.544538,GET,/doc/emp_1443,200,12.943,127.0.0.1
2025-12-17T20:10:33.579024,GET,/doc/emp_1450,200,9.38,127.0.0.1
2025-12-17T20:10:33.592401,GET,/doc/emp_1451,200,9.841,127.0.0.1
2025-12-17T20:10:33.625118,GET,/doc/emp_1461,200,10.477,127.0.0.1
2025-12-17T20:10:33.655653,GET,/doc/emp_1465,200,9.667,127.0.0.1
2025-12-17T20:10:33.686918,GET,/doc/emp_1467,200,9.098,127.0.0.1
2025-12-17T20:10:33.717847,GET,/doc/emp_1470,200,8.644,127.0.0.1
2025-12-17T20:10:33.748507,GET,/doc/emp_1473,200,9.261,127.0.0.1
2025-12-17T20:10:33.831304,GET,/doc/emp_1479,200,64.942,127.0.0.1
2025-12-17T20:10:33.867936,GET,/doc/emp_1480,200,8.767,127.0.0.1
2025-12-17T20:10:33.902513,GET,/doc/emp_1482,200,11.655,127.0.0.1
2025-12-17T20:10:33.922308,GET,/doc/emp_1483,200,11.621,127.0.0.1
2025-12-17T20:10:33.963813,GET,/doc/emp_1491,200,11.215,127.0.0.1
2025-12-17T20:10:33.979327,GET,/doc/emp_1493,200,10.467,127.0.0.1
2025-12-17T20:10:33.994686,GET,/doc/emp_1500,200,10.774,127.0.0.1
2025-12-17T20:10:34.025162,GET,/doc/emp_1501,200,9.609,127.0.0.1
2025-12-17T20:10:34.056053,GET,/doc/emp_1511,200,9.533,127.0.0.1
2025-12-17T20:10:34.087983,GET,/doc/emp_1515,200,9.706,127.0.0.1
2025-12-17T20:10:34.102443,GET,/doc/emp_1517,200,10.113,127.0.0.1
2025-12-17T20:10:34.128037,GET,/doc/emp_1520,200,9.54,127.0.0.1
2025-12-17T20:10:34.143175,GET,/doc/emp_1523,200,10.947,127.0.0.1
2025-12-17T20:10:34.173910,GET,/doc/emp_1529,200,8.955,127.0.0.1
2025-12-17T20:10:34.201826,GET,/doc/emp_1530,200,8.903,127.0.0.1
2025-12-17T20:10:34.234740,GET,/doc/emp_1532,200,9.772,127.0.0.1
2025-12-17T20:10:34.265626,GET,/doc/emp_1533,200,10.217,127.0.0.1
2025-12-17T20:10:34.295260,GET,/doc/emp_1541,200,8.719,127.0.0.1
2025-12-17T20:10:34.327924,GET,/doc/emp_1543,200,9.318,127.0.0.1
2025-12-17T20:10:34.357401,GET,/doc/emp_1550,200,8.876,127.0.0.1
2025-12-17T20:10:34.388680,GET,/doc/emp_1551,200,8.814,127.0.0.1
2025-12-17T20:10:34.420144,GET,/doc/emp_1561,200,8.68,127.0.0.1
2025-12-17T20:10:34.432881,GET,/doc/emp_1565,200,8.839,127.0.0.1
2025-12-17T20:10:34.467459,GET,/doc/emp_1567,200,9.553,127.0.0.1
2025-12-17T20:10:34.497689,GET,/doc/emp_1570,200,9.076,127.0.0.1
2025-12-17T20:10:34.529203,GET,/doc/emp_1573,200,9.237,127.0.0.1
2025-12-17T20:10:34.562507,GET,/doc/emp_1579,200,8.792,127.0.0.1
2025-12-17T20:10:34.593949,GET,/doc/emp_1580,200,9.258,127.0.0.1
2025-12-17T20:10:34.630576,GET,/doc/emp_1582,200,10.165,127.0.0.1
2025-12-17T20:10:34.660386,GET,/doc/emp_1583,200,9.105,127.0.0.1
2025-12-17T20:10:34.691035,GET,/doc/emp_1591,200,8.902,127.0.0.1
2025-12-17T20:10:34.721732,GET,/doc/emp_1593,200,8.689,127.0.0.1
2025-12-17T20:10:34.749485,GET,/doc/emp_1600,200,8.362,127.0.0.1
2025-12-17T20:10:34.781021,GET,/doc/emp_1601,200,8.771,127.0.0.1
2025-12-17T20:10:34.812965,GET,/doc/emp_1611,200,9.012,127.0.0.1
2025-12-17T20:10:34.843923,GET,/doc/emp_1615,200,8.906,127.0.0.1
2025-12-17T20:10:34.874242,GET,/doc/emp_1617,200,8.911,127.0.0.1
2025-12-17T20:10:34.904915,GET,/doc/emp_1620,200,8.614,127.0.0.1
2025-12-17T20:10:34.935217,GET,/doc/emp_1623,200,8.708,127.0.0.1
2025-12-17T20:10:34.966215,GET,/doc/emp_1629,200,8.539,127.0.0.1
2025-12-17T20:10:34.996604,GET,/doc/emp_1630,200,8.921,127.0.0.1
2025-12-17T20:10:35.019897,GET,/doc/emp_1632,200,8.466,127.0.0.1
2025-12-17T20:10:35.033351,GET,/doc/emp_1633,200,8.914,127.0.0.1
2025-12-17T20:10:35.067647,GET,/doc/emp_1641,200,8.863,127.0.0.1
2025-12-17T20:10:35.099989,GET,/doc/emp_1643,200,9.207,127.0.0.1
2025-12-17T20:10:35.133551,GET,/doc/emp_1650,200,8.964,127.0.0.1
2025-12-17T20:10:35.165450,GET,/doc/emp_1651,200,8.932,127.0.0.1
2025-12-17T20:10:35.197194,GET,/doc/emp_1661,200,9.11,127.0.0.1
2025-12-17T20:10:35.228582,GET,/doc/emp_1665,200,9.971,127.0.0.1
2025-12-17T20:10:35.259841,GET,/doc/emp_1667,200,10.65,127.0.0.1
2025-12-17T20:10:35.288907,GET,/doc/emp_1670,200,8.868,127.0.0.1
2025-12-17T20:10:35.319973,GET,/doc/emp_1673,200,8.619,127.0.0.1
2025-12-17T20:10:35.350892,GET,/doc/emp_1679,200,8.538,127.0.0.1
2025-12-17T20:10:35.382709,GET,/doc/emp_1680,200,8.871,127.0.0.1
2025-12-17T20:10:35.413503,GET,/doc/emp_1682,200,8.952,127.0.0.1
2025-12-17T20:10:35.445533,GET,/doc/emp_1683,200,9.582,127.0.0.1
2025-12-17T20:10:35.476311,GET,/doc/emp_1691,200,9.462,127.0.0.1
2025-12-17T20:10:35.506467,GET,/doc/emp_1693,200,8.559,127.0.0.1
2025-12-17T20:10:35.537047,GET,/doc/emp_1700,200,8.408,127.0.0.1
2025-12-17T20:10:35.565942,GET,/doc/emp_1701,200,8.562,127.0.0.1
2025-12-17T20:10:35.591490,GET,/doc/emp_1711,200,9.674,127.0.0.1
2025-12-17T20:10:35.616071,GET,/doc/emp_1715,200,9.118,127.0.0.1
2025-12-17T20:10:35.646219,GET,/doc/emp_1717,200,8.802,127.0.0.1
2025-12-17T20:10:35.677747,GET,/doc/emp_1720,200,8.837,127.0.0.1
2025-12-17T20:10:35.709126,GET,/doc/emp_1723,200,9.256,127.0.0.1
2025-12-17T20:10:35.739244,GET,/doc/emp_1729,200,8.457,127.0.0.1
2025-12-17T20:10:35.771329,GET,/doc/emp_1730,200,8.504,127.0.0.1
2025-12-17T20:10:35.802151,GET,/doc/emp_1732,200,8.814,127.0.0.1
2025-12-17T20:10:35.833383,GET,/doc/emp_1733,200,8.764,127.0.0.1
2025-12-17T20:10:35.865965,GET,/doc/emp_1741,200,8.793,127.0.0.1
2025-12-17T20:10:35.897373,GET,/doc/emp_1743,200,8.464,127.0.0.1
2025-12-17T20:10:35.929372,GET,/doc/emp_1750,200,10.547,127.0.0.1
2025-12-17T20:10:35.966118,GET,/doc/emp_1751,200,9.431,127.0.0.1
2025-12-17T20:10:35.996683,GET,/doc/emp_1761,200,8.92,127.0.0.1
2025-12-17T20:10:36.028576,GET,/doc/emp_1765,200,9.189,127.0.0.1
2025-12-17T20:10:36.058532,GET,/doc/emp_1767,200,8.798,127.0.0.1
2025-12-17T20:10:36.089627,GET,/doc/emp_1770,200,9.868,127.0.0.1
2025-12-17T20:10:36.119830,GET,/doc/emp_1773,200,8.624,127.0.0.1
2025-12-17T20:10:36.151220,GET,/doc/emp_1779,200,8.624,127.0.0.1
2025-12-17T20:10:36.182702,GET,/doc/emp_1780,200,8.774,127.0.0.1
2025-12-17T20:10:36.214078,GET,/doc/emp_1782,200,8.704,127.0.0.1
2025-12-17T20:10:36.245464,GET,/doc/emp_1783,200,8.871,127.0.0.1
2025-12-17T20:10:36.276512,GET,/doc/emp_1791,200,9.205,127.0.0.1
2025-12-17T20:10:36.307145,GET,/doc/emp_1793,200,8.47,127.0.0.1
2025-12-17T20:10:36.336883,GET,/doc/emp_1800,200,8.482,127.0.0.1
2025-12-17T20:10:36.417147,GET,/doc/emp_1801,200,58.5,127.0.0.1
2025-12-17T20:10:36.444192,GET,/doc/emp_1811,200,9.288,127.0.0.1
2025-12-17T20:10:36.473507,GET,/doc/emp_1815,200,9.02,127.0.0.1
2025-12-17T20:10:36.504480,GET,/doc/emp_1817,200,9.217,127.0.0.1
2025-12-17T20:10:36.533358,GET,/doc/emp_1820,200,8.461,127.0.0.1
2025-12-17T20:10:36.564684,GET,/doc/emp_1823,200,8.65,127.0.0.1
2025-12-17T20:10:36.597491,GET,/doc/emp_1829,200,10.219,127.0.0.1
2025-12-17T20:10:36.633707,GET,/doc/emp_1830,200,8.877,127.0.0.1
2025-12-17T20:10:36.663655,GET,/doc/emp_1832,200,9.027,127.0.0.1
2025-12-17T20:10:36.696372,GET,/doc/emp_1833,200,10.416,127.0.0.1
2025-12-17T20:10:36.726446,GET,/doc/emp_1841,200,8.81,127.0.0.1
2025-12-17T20:10:36.758107,GET,/doc/emp_1843,200,8.654,127.0.0.1
2025-12-17T20:10:36.789868,GET,/doc/emp_1850,200,8.682,127.0.0.1
2025-12-17T20:10:36.829517,GET,/doc/emp_1851,200,8.975,127.0.0.1
2025-12-17T20:10:36.860868,GET,/doc/emp_1861,200,9.163,127.0.0.1
2025-12-17T20:10:36.891304,GET,/doc/emp_1865,200,9.574,127.0.0.1
2025-12-17T20:10:36.921992,GET,/doc/emp_1867,200,9.368,127.0.0.1
2025-12-17T20:10:36.952686,GET,/doc/emp_1870,200,9.305,127.0.0.1
2025-12-17T20:10:36.983752,GET,/doc/emp_1873,200,9.012,127.0.0.1
2025-12-17T20:10:37.014364,GET,/doc/emp_1879,200,8.865,127.0.0.1
2025-12-17T20:10:37.046502,GET,/doc/emp_1880,200,9.414,127.0.0.1
2025-12-17T20:10:37.059994,GET,/doc/emp_1882,200,9.442,127.0.0.1
2025-12-17T20:10:37.092443,GET,/doc/emp_1883,200,9.757,127.0.0.1
2025-12-17T20:10:37.122686,GET,/doc/emp_1891,200,8.57,127.0.0.1
2025-12-17T20:10:37.154081,GET,/doc/emp_1893,200,8.886,127.0.0.1
2025-12-17T20:10:37.185023,GET,/doc/emp_1900,200,8.305,127.0.0.1
2025-12-17T20:10:37.216386,GET,/doc/emp_1901,200,8.455,127.0.0.1
2025-12-17T20:10:37.249647,GET,/doc/emp_1911,200,8.579,127.0.0.1
2025-12-17T20:10:37.283865,GET,/doc/emp_1915,200,11.028,127.0.0.1
2025-12-17T20:10:37.314092,GET,/doc/emp_1917,200,9.312,127.0.0.1
2025-12-17T20:10:37.345885,GET,/doc/emp_1920,200,9.344,127.0.0.1
2025-12-17T20:10:37.379980,GET,/doc/emp_1923,200,8.757,127.0.0.1
2025-12-17T20:10:37.412181,GET,/doc/emp_1929,200,10.465,127.0.0.1
2025-12-17T20:10:37.441546,GET,/doc/emp_1930,200,8.962,127.0.0.1
2025-12-17T20:10:37.458194,GET,/doc/emp_1932,200,9.05,127.0.0.1
2025-12-17T20:10:37.493320,GET,/doc/emp_1933,200,13.697,127.0.0.1
2025-12-17T20:10:37.507822,GET,/doc/emp_1941,200,10.062,127.0.0.1
2025-12-17T20:10:37.523380,GET,/doc/emp_1943,200,10.411,127.0.0.1
2025-12-17T20:10:37.537899,GET,/doc/emp_1950,200,10.529,127.0.0.1
2025-12-17T20:10:37.551944,GET,/doc/emp_1951,200,10.018,127.0.0.1
2025-12-17T20:10:37.583365,GET,/doc/emp_1961,200,9.466,127.0.0.1
2025-12-17T20:10:37.615012,GET,/doc/emp_1965,200,9.631,127.0.0.1
2025-12-17T20:10:37.629451,GET,/doc/emp_1967,200,10.458,127.0.0.1
2025-12-17T20:10:37.649564,GET,/doc/emp_1970,200,14.816,127.0.0.1
2025-12-17T20:10:37.681378,GET,/doc/emp_1973,200,14.293,127.0.0.1
2025-12-17T20:10:37.697358,GET,/doc/emp_1979,200,10.854,127.0.0.1
2025-12-17T20:10:37.711473,GET,/doc/emp_1980,200,9.841,127.0.0.1
2025-12-17T20:10:37.724426,GET,/doc/emp_1982,200,9.345,127.0.0.1
2025-12-17T20:10:37.737989,GET,/doc/emp_1983,200,9.349,127.0.0.1
2025-12-17T20:10:37.769105,GET,/doc/emp_1991,200,9.687,127.0.0.1
2025-12-17T20:10:37.782857,GET,/doc/emp_1993,200,9.816,127.0.0.1
2025-12-17T20:10:37.816132,GET,/doc/emp_2000,200,9.918,127.0.0.1
2025-12-17T20:10:37.846289,GET,/doc/emp_2001,200,9.644,127.0.0.1
2025-12-17T20:10:37.877670,GET,/doc/emp_2011,200,9.247,127.0.0.1
2025-12-17T20:10:37.892141,GET,/doc/emp_2015,200,10.303,127.0.0.1
2025-12-17T20:10:37.924018,GET,/doc/emp_2017,200,9.523,127.0.0.1
2025-12-17T20:10:37.936958,GET,/doc/emp_2020,200,8.996,127.0.0.1
2025-12-17T20:10:37.970381,GET,/doc/emp_2023,200,9.32,127.0.0.1
2025-12-17T20:10:38.001973,GET,/doc/emp_2029,200,8.927,127.0.0.1
2025-12-17T20:10:38.015258,GET,/doc/emp_2030,200,9.418,127.0.0.1
2025-12-17T20:10:38.048545,GET,/doc/emp_2032,200,9.12,127.0.0.1
2025-12-17T20:10:38.080841,GET,/doc/emp_2033,200,9.9,127.0.0.1
2025-12-17T20:10:38.110768,GET,/doc/emp_2041,200,9.291,127.0.0.1
2025-12-17T20:10:38.141412,GET,/doc/emp_2043,200,8.978,127.0.0.1
2025-12-17T20:10:38.153894,GET,/doc/emp_2050,200,8.977,127.0.0.1
2025-12-17T20:10:38.187938,GET,/doc/emp_2051,200,8.52,127.0.0.1
2025-12-17T20:10:38.220669,GET,/doc/emp_2061,200,8.587,127.0.0.1
2025-12-17T20:10:38.251103,GET,/doc/emp_2065,200,8.804,127.0.0.1
2025-12-17T20:10:38.282710,GET,/doc/emp_2067,200,8.601,127.0.0.1
2025-12-17T20:10:38.314346,GET,/doc/emp_2070,200,9.386,127.0.0.1
2025-12-17T20:10:38.345509,GET,/doc/emp_2073,200,8.697,127.0.0.1
2025-12-17T20:10:38.358077,GET,/doc/emp_2079,200,8.782,127.0.0.1
2025-12-17T20:10:38.394864,GET,/doc/emp_2080,200,11.206,127.0.0.1
2025-12-17T20:10:38.409529,GET,/doc/emp_2082,200,10.883,127.0.0.1
2025-12-17T20:10:38.440935,GET,/doc/emp_2083,200,10.847,127.0.0.1
2025-12-17T20:10:38.459392,GET,/doc/emp_2091,200,10.846,127.0.0.1
2025-12-17T20:10:38.482949,GET,/doc/emp_2093,200,13.877,127.0.0.1
2025-12-17T20:10:38.499505,GET,/doc/emp_2100,200,9.876,127.0.0.1
2025-12-17T20:10:38.512551,GET,/doc/emp_2101,200,9.456,127.0.0.1
2025-12-17T20:10:38.525378,GET,/doc/emp_2111,200,9.238,127.0.0.1
2025-12-17T20:10:38.549269,GET,/doc/emp_2115,200,9.478,127.0.0.1
2025-12-17T20:10:38.563091,GET,/doc/emp_2117,200,9.891,127.0.0.1
2025-12-17T20:10:38.576409,GET,/doc/emp_2120,200,9.543,127.0.0.1
2025-12-17T20:10:38.612038,GET,/doc/emp_2123,200,10.896,127.0.0.1
2025-12-17T20:10:38.632213,GET,/doc/emp_2129,200,13.833,127.0.0.1
2025-12-17T20:10:38.646142,GET,/doc/emp_2130,200,10.454,127.0.0.1
2025-12-17T20:10:38.658734,GET,/doc/emp_2132,200,9.184,127.0.0.1
2025-12-17T20:10:38.672196,GET,/doc/emp_2133,200,9.181,127.0.0.1
2025-12-17T20:10:38.686055,GET,/doc/emp_2141,200,9.558,127.0.0.1
2025-12-17T20:10:38.699194,GET,/doc/emp_2143,200,9.208,127.0.0.1
2025-12-17T20:10:38.712484,GET,/doc/emp_2150,200,9.385,127.0.0.1
2025-12-17T20:10:38.746541,GET,/doc/emp_2151,200,9.125,127.0.0.1
2025-12-17T20:10:38.778798,GET,/doc/emp_2161,200,9.794,127.0.0.1
2025-12-17T20:10:38.792201,GET,/doc/emp_2165,200,9.469,127.0.0.1
2025-12-17T20:10:38.826425,GET,/doc/emp_2167,200,10.189,127.0.0.1
2025-12-17T20:10:38.857410,GET,/doc/emp_2170,200,9.797,127.0.0.1
2025-12-17T20:10:38.870841,GET,/doc/emp_2173,200,9.727,127.0.0.1
2025-12-17T20:10:38.905952,GET,/doc/emp_2179,200,8.851,127.0.0.1
2025-12-17T20:10:38.937245,GET,/doc/emp_2180,200,9.777,127.0.0.1
2025-12-17T20:10:38.972968,GET,/doc/emp_2182,200,15.037,127.0.0.1
2025-12-17T20:10:38.992217,GET,/doc/emp_2183,200,13.192,127.0.0.1
2025-12-17T20:10:39.009722,GET,/doc/emp_2191,200,13.525,127.0.0.1
2025-12-17T20:10:39.027729,GET,/doc/emp_2193,200,13.629,127.0.0.1
2025-12-17T20:10:39.062586,GET,/doc/emp_2200,200,27.23,127.0.0.1
2025-12-17T20:10:39.085549,GET,/doc/emp_2201,200,17.488,127.0.0.1
2025-12-17T20:10:39.120381,GET,/doc/emp_2211,200,11.505,127.0.0.1
2025-12-17T20:10:39.135486,GET,/doc/emp_2215,200,10.591,127.0.0.1
2025-12-17T20:10:39.164516,GET,/doc/emp_2217,200,9.921,127.0.0.1
2025-12-17T20:10:39.179561,GET,/doc/emp_2220,200,11.489,127.0.0.1
2025-12-17T20:10:39.196102,GET,/doc/emp_2223,200,12.76,127.0.0.1
2025-12-17T20:10:39.213762,GET,/doc/emp_2229,200,13.424,127.0.0.1
2025-12-17T20:10:39.230191,GET,/doc/emp_2230,200,12.287,127.0.0.1
2025-12-17T20:10:39.257751,GET,/doc/emp_2232,200,10.301,127.0.0.1
2025-12-17T20:10:39.278222,GET,/doc/emp_2233,200,15.594,127.0.0.1
2025-12-17T20:10:39.305835,GET,/doc/emp_2241,200,11.874,127.0.0.1
2025-12-17T20:10:39.334124,GET,/doc/emp_2243,200,9.616,127.0.0.1
2025-12-17T20:10:39.348044,GET,/doc/emp_2250,200,9.555,127.0.0.1
2025-12-17T20:10:39.363072,GET,/doc/emp_2251,200,10.765,127.0.0.1
2025-12-17T20:10:39.376931,GET,/doc/emp_2261,200,9.948,127.0.0.1
2025-12-17T20:10:39.390774,GET,/doc/emp_2265,200,10.19,127.0.0.1
2025-12-17T20:10:39.428515,GET,/doc/emp_2267,200,9.882,127.0.0.1
2025-12-17T20:10:39.459085,GET,/doc/emp_2270,200,9.929,127.0.0.1
2025-12-17T20:10:39.489670,GET,/doc/emp_2273,200,9.8,127.0.0.1
2025-12-17T20:10:39.519472,GET,/doc/emp_2279,200,8.933,127.0.0.1
2025-12-17T20:10:39.550880,GET,/doc/emp_2280,200,9.329,127.0.0.1
2025-12-17T20:10:39.565183,GET,/doc/emp_2282,200,10.146,127.0.0.1
2025-12-17T20:10:39.597313,GET,/doc/emp_2283,200,9.33,127.0.0.1
2025-12-17T20:10:39.611112,GET,/doc/emp_2291,200,9.786,127.0.0.1
2025-12-17T20:10:39.623538,GET,/doc/emp_2293,200,8.53,127.0.0.1
2025-12-17T20:10:39.656248,GET,/doc/emp_2300,200,8.782,127.0.0.1
2025-12-17T20:10:39.688336,GET,/doc/emp_2301,200,8.886,127.0.0.1
2025-12-17T20:10:39.719438,GET,/doc/emp_2311,200,8.813,127.0.0.1
2025-12-17T20:10:39.751511,GET,/doc/emp_2315,200,8.745,127.0.0.1
2025-12-17T20:10:39.782567,GET,/doc/emp_2317,200,8.432,127.0.0.1
2025-12-17T20:10:39.814701,GET,/doc/emp_2320,200,9.814,127.0.0.1
2025-12-17T20:10:39.846333,GET,/doc/emp_2323,200,9.934,127.0.0.1
2025-12-17T20:10:39.880989,GET,/doc/emp_2329,200,9.074,127.0.0.1
2025-12-17T20:10:39.914595,GET,/doc/emp_2330,200,9.216,127.0.0.1
2025-12-17T20:10:39.945561,GET,/doc/emp_2332,200,9.294,127.0.0.1
2025-12-17T20:10:39.976682,GET,/doc/emp_2333,200,9.623,127.0.0.1
2025-12-17T20:10:40.007228,GET,/doc/emp_2341,200,9.204,127.0.0.1
2025-12-17T20:10:40.037161,GET,/doc/emp_2343,200,8.494,127.0.0.1
2025-12-17T20:10:40.067876,GET,/doc/emp_2350,200,8.671,127.0.0.1
2025-12-17T20:10:40.100378,GET,/doc/emp_2351,200,9.685,127.0.0.1
2025-12-17T20:10:40.130437,GET,/doc/emp_2361,200,8.547,127.0.0.1
2025-12-17T20:10:40.166496,GET,/doc/emp_2365,200,10.731,127.0.0.1
2025-12-17T20:10:40.181542,GET,/doc/emp_2367,200,10.734,127.0.0.1
2025-12-17T20:10:40.216693,GET,/doc/emp_2370,200,9.9,127.0.0.1
2025-12-17T20:10:40.231895,GET,/doc/emp_2373,200,11.639,127.0.0.1
2025-12-17T20:10:40.245767,GET,/doc/emp_2379,200,9.973,127.0.0.1
2025-12-17T20:10:40.262023,GET,/doc/emp_2380,200,12.381,127.0.0.1
2025-12-17T20:10:40.277511,GET,/doc/emp_2382,200,11.145,127.0.0.1
2025-12-17T20:10:40.316352,GET,/doc/emp_2383,200,11.27,127.0.0.1
2025-12-17T20:10:40.331507,GET,/doc/emp_2391,200,11.076,127.0.0.1
2025-12-17T20:10:40.348483,GET,/doc/emp_2393,200,12.539,127.0.0.1
2025-12-17T20:10:40.368213,GET,/doc/emp_2400,200,12.557,127.0.0.1
2025-12-17T20:10:40.395456,GET,/doc/emp_2401,200,11.361,127.0.0.1
2025-12-17T20:10:40.425750,GET,/doc/emp_2411,200,9.914,127.0.0.1
2025-12-17T20:10:40.439942,GET,/doc/emp_2415,200,10.408,127.0.0.1
2025-12-17T20:10:40.451941,GET,/doc/emp_2417,200,8.408,127.0.0.1
2025-12-17T20:10:40.464279,GET,/doc/emp_2420,200,8.909,127.0.0.1
2025-12-17T20:10:40.476563,GET,/doc/emp_2423,200,8.835,127.0.0.1
2025-12-17T20:10:40.513523,GET,/doc/emp_2429,200,9.094,127.0.0.1
2025-12-17T20:10:40.545952,GET,/doc/emp_2430,200,9.188,127.0.0.1
2025-12-17T20:10:40.576701,GET,/doc/emp_2432,200,9.426,127.0.0.1
2025-12-17T20:10:40.606924,GET,/doc/emp_2433,200,8.919,127.0.0.1
2025-12-17T20:10:40.637571,GET,/doc/emp_2441,200,8.758,127.0.0.1
2025-12-17T20:10:40.669710,GET,/doc/emp_2443,200,9.092,127.0.0.1
2025-12-17T20:10:40.698238,GET,/doc/emp_2450,200,8.933,127.0.0.1
2025-12-17T20:10:40.730011,GET,/doc/emp_2451,200,8.391,127.0.0.1
2025-12-17T20:10:40.762366,GET,/doc/emp_2461,200,9.563,127.0.0.1
2025-12-17T20:10:40.794004,GET,/doc/emp_2465,200,9.496,127.0.0.1
2025-12-17T20:10:40.825189,GET,/doc/emp_2467,200,9.185,127.0.0.1
2025-12-17T20:10:40.857025,GET,/doc/emp_2470,200,9.548,127.0.0.1
2025-12-17T20:10:40.887467,GET,/doc/emp_2473,200,8.681,127.0.0.1
2025-12-17T20:10:40.915221,GET,/doc/emp_2479,200,9.401,127.0.0.1
2025-12-17T20:10:40.945868,GET,/doc/emp_2480,200,9.133,127.0.0.1
2025-12-17T20:10:40.977698,GET,/doc/emp_2482,200,8.845,127.0.0.1
2025-12-17T20:10:41.009384,GET,/doc/emp_2483,200,8.529,127.0.0.1
2025-12-17T20:10:41.022182,GET,/doc/emp_2491,200,8.888,127.0.0.1
2025-12-17T20:10:41.049394,GET,/doc/emp_2493,200,8.784,127.0.0.1
2025-12-17T20:10:41.084439,GET,/doc/emp_2500,200,12.88,127.0.0.1
2025-12-17T20:10:41.113168,GET,/doc/emp_2501,200,10.205,127.0.0.1
2025-12-17T20:10:41.142970,GET,/doc/emp_2511,200,9.5,127.0.0.1
2025-12-17T20:10:41.173347,GET,/doc/emp_2515,200,9.465,127.0.0.1
2025-12-17T20:10:41.200051,GET,/doc/emp_2517,200,9.143,127.0.0.1
2025-12-17T20:10:41.223964,GET,/doc/emp_2520,200,9.803,127.0.0.1
2025-12-17T20:10:41.237151,GET,/doc/emp_2523,200,9.462,127.0.0.1
2025-12-17T20:10:41.270306,GET,/doc/emp_2529,200,9.195,127.0.0.1
2025-12-17T20:10:41.301127,GET,/doc/emp_2530,200,9.344,127.0.0.1
2025-12-17T20:10:41.332264,GET,/doc/emp_2532,200,9.924,127.0.0.1
2025-12-17T20:10:41.366161,GET,/doc/emp_2533,200,8.915,127.0.0.1
2025-12-17T20:10:41.396661,GET,/doc/emp_2541,200,9.221,127.0.0.1
2025-12-17T20:10:41.427598,GET,/doc/emp_2543,200,8.881,127.0.0.1
2025-12-17T20:10:41.458880,GET,/doc/emp_2550,200,8.503,127.0.0.1
2025-12-17T20:10:41.495013,GET,/doc/emp_2551,200,8.928,127.0.0.1
2025-12-17T20:10:41.527031,GET,/doc/emp_2561,200,9.081,127.0.0.1
2025-12-17T20:10:41.558866,GET,/doc/emp_2565,200,10.187,127.0.0.1
2025-12-17T20:10:41.588809,GET,/doc/emp_2567,200,8.75,127.0.0.1
2025-12-17T20:10:41.620605,GET,/doc/emp_2570,200,9.206,127.0.0.1
2025-12-17T20:10:41.651907,GET,/doc/emp_2573,200,8.527,127.0.0.1
2025-12-17T20:10:41.682429,GET,/doc/emp_2579,200,8.539,127.0.0.1
2025-12-17T20:10:41.714127,GET,/doc/emp_2580,200,8.914,127.0.0.1
2025-12-17T20:10:41.745665,GET,/doc/emp_2582,200,9.23,127.0.0.1
2025-12-17T20:10:41.776959,GET,/doc/emp_2583,200,9.191,127.0.0.1
2025-12-17T20:10:41.807497,GET,/doc/emp_2591,200,9.109,127.0.0.1
2025-12-17T20:10:41.838203,GET,/doc/emp_2593,200,8.777,127.0.0.1
2025-12-17T20:10:41.868860,GET,/doc/emp_2600,200,8.579,127.0.0.1
2025-12-17T20:10:41.883578,GET,/doc/emp_2601,200,10.965,127.0.0.1
2025-12-17T20:10:41.896837,GET,/doc/emp_2611,200,9.369,127.0.0.1
2025-12-17T20:10:41.933035,GET,/doc/emp_2615,200,9.131,127.0.0.1
2025-12-17T20:10:41.965396,GET,/doc/emp_2617,200,10.069,127.0.0.1
2025-12-17T20:10:41.990976,GET,/doc/emp_2620,200,11.394,127.0.0.1
2025-12-17T20:10:42.026550,GET,/doc/emp_2623,200,10.889,127.0.0.1
2025-12-17T20:10:42.067511,GET,/doc/emp_2629,200,9.493,127.0.0.1
2025-12-17T20:10:42.080288,GET,/doc/emp_2630,200,9.398,127.0.0.1
2025-12-17T20:10:42.093568,GET,/doc/emp_2632,200,9.64,127.0.0.1
2025-12-17T20:10:42.107859,GET,/doc/emp_2633,200,9.945,127.0.0.1
2025-12-17T20:10:42.143883,GET,/doc/emp_2641,200,9.219,127.0.0.1
2025-12-17T20:10:42.177369,GET,/doc/emp_2643,200,11.557,127.0.0.1
2025-12-17T20:10:42.190129,GET,/doc/emp_2650,200,8.591,127.0.0.1
2025-12-17T20:10:42.221961,GET,/doc/emp_2651,200,9.057,127.0.0.1
2025-12-17T20:10:42.247617,GET,/doc/emp_2661,200,8.676,127.0.0.1
2025-12-17T20:10:42.279921,GET,/doc/emp_2665,200,9.842,127.0.0.1
2025-12-17T20:10:42.311653,GET,/doc/emp_2667,200,9.343,127.0.0.1
2025-12-17T20:10:42.324966,GET,/doc/emp_2670,200,9.214,127.0.0.1
2025-12-17T20:10:42.350053,GET,/doc/emp_2673,200,9.758,127.0.0.1
2025-12-17T20:10:42.380256,GET,/doc/emp_2679,200,9.28,127.0.0.1
2025-12-17T20:10:42.411898,GET,/doc/emp_2680,200,9.176,127.0.0.1
2025-12-17T20:10:42.444212,GET,/doc/emp_2682,200,9.69,127.0.0.1
2025-12-17T20:10:42.474276,GET,/doc/emp_2683,200,9.688,127.0.0.1
2025-12-17T20:10:42.497291,GET,/doc/emp_2691,200,8.868,127.0.0.1
2025-12-17T20:10:42.529458,GET,/doc/emp_2693,200,9.301,127.0.0.1
2025-12-17T20:10:42.561100,GET,/doc/emp_2700,200,9.77,127.0.0.1
2025-12-17T20:10:42.593162,GET,/doc/emp_2701,200,10.42,127.0.0.1
2025-12-17T20:10:42.624224,GET,/doc/emp_2711,200,11.325,127.0.0.1
2025-12-17T20:10:42.657175,GET,/doc/emp_2715,200,9.376,127.0.0.1
2025-12-17T20:10:42.688049,GET,/doc/emp_2717,200,8.775,127.0.0.1
2025-12-17T20:10:42.721806,GET,/doc/emp_2720,200,11.122,127.0.0.1
2025-12-17T20:10:42.735923,GET,/doc/emp_2723,200,9.548,127.0.0.1
2025-12-17T20:10:42.766254,GET,/doc/emp_2729,200,9.127,127.0.0.1
2025-12-17T20:10:42.799925,GET,/doc/emp_2730,200,9.791,127.0.0.1
2025-12-17T20:10:42.832127,GET,/doc/emp_2732,200,9.117,127.0.0.1
2025-12-17T20:10:42.845456,GET,/doc/emp_2733,200,9.125,127.0.0.1
2025-12-17T20:10:42.879785,GET,/doc/emp_2741,200,10.57,127.0.0.1
2025-12-17T20:10:42.908873,GET,/doc/emp_2743,200,9.076,127.0.0.1
2025-12-17T20:10:42.939646,GET,/doc/emp_2750,200,8.981,127.0.0.1
2025-12-17T20:10:42.952515,GET,/doc/emp_2751,200,8.762,127.0.0.1
2025-12-17T20:10:42.986741,GET,/doc/emp_2761,200,9.715,127.0.0.1
2025-12-17T20:10:42.999593,GET,/doc/emp_2765,200,8.931,127.0.0.1
2025-12-17T20:10:43.034145,GET,/doc/emp_2767,200,10.33,127.0.0.1
2025-12-17T20:10:43.068947,GET,/doc/emp_2770,200,11.413,127.0.0.1
2025-12-17T20:10:43.099641,GET,/doc/emp_2773,200,10.022,127.0.0.1
2025-12-17T20:10:43.131212,GET,/doc/emp_2779,200,9.602,127.0.0.1
2025-12-17T20:10:43.146499,GET,/doc/emp_2780,200,11.117,127.0.0.1
2025-12-17T20:10:43.159595,GET,/doc/emp_2782,200,9.039,127.0.0.1
2025-12-17T20:10:43.194145,GET,/doc/emp_2783,200,9.822,127.0.0.1
2025-12-17T20:10:43.224212,GET,/doc/emp_2791,200,9.15,127.0.0.1
2025-12-17T20:10:43.249017,GET,/doc/emp_2793,200,9.014,127.0.0.1
2025-12-17T20:10:43.278657,GET,/doc/emp_2800,200,10.114,127.0.0.1
2025-12-17T20:10:43.308116,GET,/doc/emp_2801,200,8.991,127.0.0.1
2025-12-17T20:10:43.339924,GET,/doc/emp_2811,200,9.283,127.0.0.1
2025-12-17T20:10:43.365920,GET,/doc/emp_2815,200,9.226,127.0.0.1
2025-12-17T20:10:43.397342,GET,/doc/emp_2817,200,9.221,127.0.0.1
2025-12-17T20:10:43.429753,GET,/doc/emp_2820,200,10.333,127.0.0.1
2025-12-17T20:10:43.445021,GET,/doc/emp_2823,200,11.307,127.0.0.1
2025-12-17T20:10:43.460960,GET,/doc/emp_2829,200,11.827,127.0.0.1
2025-12-17T20:10:43.475929,GET,/doc/emp_2830,200,11.083,127.0.0.1
2025-12-17T20:10:43.490929,GET,/doc/emp_2832,200,11.098,127.0.0.1
2025-12-17T20:10:43.514789,GET,/doc/emp_2833,200,9.697,127.0.0.1
2025-12-17T20:10:43.545041,GET,/doc/emp_2841,200,9.085,127.0.0.1
2025-12-17T20:10:43.576377,GET,/doc/emp_2843,200,9.093,127.0.0.1
2025-12-17T20:10:43.600130,GET,/doc/emp_2850,200,9.263,127.0.0.1
2025-12-17T20:10:43.632459,GET,/doc/emp_2851,200,10.195,127.0.0.1
2025-12-17T20:10:43.662151,GET,/doc/emp_2861,200,8.843,127.0.0.1
2025-12-17T20:10:43.676043,GET,/doc/emp_2865,200,10.046,127.0.0.1
2025-12-17T20:10:43.709488,GET,/doc/emp_2867,200,9.069,127.0.0.1
2025-12-17T20:10:43.741751,GET,/doc/emp_2870,200,9.731,127.0.0.1
2025-12-17T20:10:43.754597,GET,/doc/emp_2873,200,9.424,127.0.0.1
2025-12-17T20:10:43.788265,GET,/doc/emp_2879,200,9.073,127.0.0.1
2025-12-17T20:10:43.802318,GET,/doc/emp_2880,200,9.643,127.0.0.1
2025-12-17T20:10:43.835947,GET,/doc/emp_2882,200,9.114,127.0.0.1
2025-12-17T20:10:43.866181,GET,/doc/emp_2883,200,8.772,127.0.0.1
2025-12-17T20:10:43.899573,GET,/doc/emp_2891,200,10.529,127.0.0.1
2025-12-17T20:10:43.931327,GET,/doc/emp_2893,200,10.259,127.0.0.1
2025-12-17T20:10:43.962239,GET,/doc/emp_2900,200,9.457,127.0.0.1
2025-12-17T20:10:43.992605,GET,/doc/emp_2901,200,9.296,127.0.0.1
2025-12-17T20:10:44.024397,GET,/doc/emp_2911,200,9.294,127.0.0.1
2025-12-17T20:10:44.055323,GET,/doc/emp_2915,200,9.077,127.0.0.1
2025-12-17T20:10:44.087634,GET,/doc/emp_2917,200,8.569,127.0.0.1
2025-12-17T20:10:44.117832,GET,/doc/emp_2920,200,8.768,127.0.0.1
2025-12-17T20:10:44.149431,GET,/doc/emp_2923,200,9.014,127.0.0.1
2025-12-17T20:10:44.179803,GET,/doc/emp_2929,200,8.792,127.0.0.1
2025-12-17T20:10:44.213618,GET,/doc/emp_2930,200,9.635,127.0.0.1
2025-12-17T20:10:44.244009,GET,/doc/emp_2932,200,9.121,127.0.0.1
2025-12-17T20:10:44.276307,GET,/doc/emp_2933,200,9.809,127.0.0.1
2025-12-17T20:10:44.312983,GET,/doc/emp_2941,200,9.563,127.0.0.1
2025-12-17T20:10:44.349416,GET,/doc/emp_2943,200,8.935,127.0.0.1
2025-12-17T20:10:44.374100,GET,/doc/emp_2950,200,10.533,127.0.0.1
2025-12-17T20:10:44.398539,GET,/doc/emp_2951,200,8.971,127.0.0.1
2025-12-17T20:10:44.413988,GET,/doc/emp_2961,200,11.112,127.0.0.1
2025-12-17T20:10:44.441203,GET,/doc/emp_2965,200,8.836,127.0.0.1
2025-12-17T20:10:44.473508,GET,/doc/emp_2967,200,10.095,127.0.0.1
2025-12-17T20:10:44.499040,GET,/doc/emp_2970,200,8.792,127.0.0.1
2025-12-17T20:10:44.531127,GET,/doc/emp_2973,200,8.552,127.0.0.1
2025-12-17T20:10:44.563267,GET,/doc/emp_2979,200,8.928,127.0.0.1
2025-12-17T20:10:44.593968,GET,/doc/emp_2980,200,8.467,127.0.0.1
2025-12-17T20:10:44.625990,GET,/doc/emp_2982,200,9.239,127.0.0.1
2025-12-17T20:10:44.657151,GET,/doc/emp_2983,200,8.965,127.0.0.1
2025-12-17T20:10:44.679593,GET,/doc/emp_2991,200,9.028,127.0.0.1
2025-12-17T20:10:44.761473,GET,/doc/emp_2993,200,59.088,127.0.0.1
2025-12-17T20:10:44.787976,GET,/doc/emp_3000,200,8.548,127.0.0.1
2025-12-17T20:10:44.820449,GET,/doc/emp_3001,200,9.331,127.0.0.1
2025-12-17T20:10:44.851529,GET,/doc/emp_3011,200,9.209,127.0.0.1
2025-12-17T20:10:44.884802,GET,/doc/emp_3015,200,10.268,127.0.0.1
2025-12-17T20:10:44.915083,GET,/doc/emp_3017,200,8.893,127.0.0.1
2025-12-17T20:10:44.946734,GET,/doc/emp_3020,200,9.136,127.0.0.1
2025-12-17T20:10:44.979826,GET,/doc/emp_3023,200,10.519,127.0.0.1
2025-12-17T20:10:45.010059,GET,/doc/emp_3029,200,9.124,127.0.0.1
2025-12-17T20:10:45.024040,GET,/doc/emp_3030,200,9.383,127.0.0.1
2025-12-17T20:10:45.049988,GET,/doc/emp_3032,200,8.969,127.0.0.1
2025-12-17T20:10:45.078756,GET,/doc/emp_3033,200,9.659,127.0.0.1
2025-12-17T20:10:45.109182,GET,/doc/emp_3041,200,9.75,127.0.0.1
2025-12-17T20:10:45.139595,GET,/doc/emp_3043,200,9.318,127.0.0.1
2025-12-17T20:10:45.153166,GET,/doc/emp_3050,200,8.932,127.0.0.1
2025-12-17T20:10:45.181662,GET,/doc/emp_3051,200,8.841,127.0.0.1
2025-12-17T20:10:45.213760,GET,/doc/emp_3061,200,9.202,127.0.0.1
2025-12-17T20:10:45.244929,GET,/doc/emp_3065,200,9.247,127.0.0.1
2025-12-17T20:10:45.276961,GET,/doc/emp_3067,200,9.187,127.0.0.1
2025-12-17T20:10:45.307655,GET,/doc/emp_3070,200,9.019,127.0.0.1
2025-12-17T20:10:45.340069,GET,/doc/emp_3073,200,9.464,127.0.0.1
2025-12-17T20:10:45.372453,GET,/doc/emp_3079,200,10.107,127.0.0.1
2025-12-17T20:10:45.404521,GET,/doc/emp_3080,200,10.478,127.0.0.1
2025-12-17T20:10:45.417362,GET,/doc/emp_3082,200,8.721,127.0.0.1
2025-12-17T20:10:45.448980,GET,/doc/emp_3083,200,9.57,127.0.0.1
2025-12-17T20:10:45.463280,GET,/doc/emp_3091,200,10.47,127.0.0.1
2025-12-17T20:10:45.495570,GET,/doc/emp_3093,200,9.67,127.0.0.1
2025-12-17T20:10:45.527919,GET,/doc/emp_3100,200,11.264,127.0.0.1
2025-12-17T20:10:45.574541,GET,/doc/emp_3101,200,41.285,127.0.0.1
2025-12-17T20:10:45.610147,GET,/doc/emp_3111,200,18.211,127.0.0.1
2025-12-17T20:10:45.624812,GET,/doc/emp_3115,200,10.322,127.0.0.1
2025-12-17T20:10:45.640403,GET,/doc/emp_3117,200,11.246,127.0.0.1
2025-12-17T20:10:45.655114,GET,/doc/emp_3120,200,10.182,127.0.0.1
2025-12-17T20:10:45.669472,GET,/doc/emp_3123,200,9.846,127.0.0.1
2025-12-17T20:10:45.683814,GET,/doc/emp_3129,200,10.311,127.0.0.1
2025-12-17T20:10:45.716656,GET,/doc/emp_3130,200,10.704,127.0.0.1
2025-12-17T20:10:45.731162,GET,/doc/emp_3132,200,10.353,127.0.0.1
2025-12-17T20:10:45.746680,GET,/doc/emp_3133,200,11.009,127.0.0.1
2025-12-17T20:10:45.803975,GET,/doc/emp_3141,200,53.224,127.0.0.1
2025-12-17T20:10:45.823457,GET,/doc/emp_3143,200,13.431,127.0.0.1
2025-12-17T20:10:45.838794,GET,/doc/emp_3150,200,10.839,127.0.0.1
2025-12-17T20:10:45.854066,GET,/doc/emp_3151,200,10.783,127.0.0.1
2025-12-17T20:10:45.869045,GET,/doc/emp_3161,200,10.687,127.0.0.1
2025-12-17T20:10:45.883085,GET,/doc/emp_3165,200,10.097,127.0.0.1
2025-12-17T20:10:45.919900,GET,/doc/emp_3167,200,9.148,127.0.0.1
2025-12-17T20:10:45.932365,GET,/doc/emp_3170,200,8.832,127.0.0.1
2025-12-17T20:10:45.967345,GET,/doc/emp_3173,200,9.471,127.0.0.1
2025-12-17T20:10:45.982804,GET,/doc/emp_3179,200,11.314,127.0.0.1
2025-12-17T20:10:45.997742,GET,/doc/emp_3180,200,11.099,127.0.0.1
2025-12-17T20:10:46.031655,GET,/doc/emp_3182,200,11.174,127.0.0.1
2025-12-17T20:10:46.061903,GET,/doc/emp_3183,200,9.452,127.0.0.1
2025-12-17T20:10:46.076975,GET,/doc/emp_3191,200,10.688,127.0.0.1
2025-12-17T20:10:46.108396,GET,/doc/emp_3193,200,9.533,127.0.0.1
2025-12-17T20:10:46.141077,GET,/doc/emp_3200,200,11.679,127.0.0.1
2025-12-17T20:10:46.172234,GET,/doc/emp_3201,200,10.82,127.0.0.1
2025-12-17T20:10:46.202040,GET,/doc/emp_3211,200,9.516,127.0.0.1
2025-12-17T20:10:46.233477,GET,/doc/emp_3215,200,9.574,127.0.0.1
2025-12-17T20:10:46.263527,GET,/doc/emp_3217,200,9.116,127.0.0.1
2025-12-17T20:10:46.285381,GET,/doc/emp_3220,200,10.343,127.0.0.1
2025-12-17T20:10:46.317526,GET,/doc/emp_3223,200,10.546,127.0.0.1
2025-12-17T20:10:46.346454,GET,/doc/emp_3229,200,9.067,127.0.0.1
2025-12-17T20:10:46.376917,GET,/doc/emp_3230,200,8.503,127.0.0.1
2025-12-17T20:10:46.410707,GET,/doc/emp_3232,200,10.986,127.0.0.1
2025-12-17T20:10:46.441372,GET,/doc/emp_3233,200,9.523,127.0.0.1
2025-12-17T20:10:46.471780,GET,/doc/emp_3241,200,9.393,127.0.0.1
2025-12-17T20:10:46.503172,GET,/doc/emp_3243,200,8.966,127.0.0.1
2025-12-17T20:10:46.534799,GET,/doc/emp_3250,200,8.577,127.0.0.1
2025-12-17T20:10:46.566888,GET,/doc/emp_3251,200,9.496,127.0.0.1
2025-12-17T20:10:46.598873,GET,/doc/emp_3261,200,9.52,127.0.0.1
2025-12-17T20:10:46.629593,GET,/doc/emp_3265,200,8.742,127.0.0.1
2025-12-17T20:10:46.661103,GET,/doc/emp_3267,200,9.23,127.0.0.1
2025-12-17T20:10:46.691338,GET,/doc/emp_3270,200,9.223,127.0.0.1
2025-12-17T20:10:46.724160,GET,/doc/emp_3273,200,10.16,127.0.0.1
2025-12-17T20:10:46.739732,GET,/doc/emp_3279,200,10.854,127.0.0.1
2025-12-17T20:10:46.754064,GET,/doc/emp_3280,200,9.572,127.0.0.1
2025-12-17T20:10:46.786617,GET,/doc/emp_3282,200,9.889,127.0.0.1
2025-12-17T20:10:46.817134,GET,/doc/emp_3283,200,9.29,127.0.0.1
2025-12-17T20:10:46.851794,GET,/doc/emp_3291,200,11.385,127.0.0.1
2025-12-17T20:10:46.880861,GET,/doc/emp_3293,200,9.13,127.0.0.1
2025-12-17T20:10:46.894199,GET,/doc/emp_3300,200,9.432,127.0.0.1
2025-12-17T20:10:46.907670,GET,/doc/emp_3301,200,9.411,127.0.0.1
2025-12-17T20:10:46.944403,GET,/doc/emp_3311,200,9.429,127.0.0.1
2025-12-17T20:10:46.974229,GET,/doc/emp_3315,200,8.885,127.0.0.1
2025-12-17T20:10:47.006090,GET,/doc/emp_3317,200,9.131,127.0.0.1
2025-12-17T20:10:47.035656,GET,/doc/emp_3320,200,8.856,127.0.0.1
2025-12-17T20:10:47.068027,GET,/doc/emp_3323,200,9.817,127.0.0.1
2025-12-17T20:10:47.081401,GET,/doc/emp_3329,200,9.442,127.0.0.1
2025-12-17T20:10:47.111271,GET,/doc/emp_3330,200,9.815,127.0.0.1
2025-12-17T20:10:47.134412,GET,/doc/emp_3332,200,9.136,127.0.0.1
2025-12-17T20:10:47.164450,GET,/doc/emp_3333,200,10.178,127.0.0.1
2025-12-17T20:10:47.179152,GET,/doc/emp_3341,200,10.184,127.0.0.1
2025-12-17T20:10:47.216181,GET,/doc/emp_3343,200,9.614,127.0.0.1
2025-12-17T20:10:47.230765,GET,/doc/emp_3350,200,10.419,127.0.0.1
2025-12-17T20:10:47.247187,GET,/doc/emp_3351,200,11.937,127.0.0.1
2025-12-17T20:10:47.275963,GET,/doc/emp_3361,200,9.503,127.0.0.1
2025-12-17T20:10:47.308449,GET,/doc/emp_3365,200,9.925,127.0.0.1
2025-12-17T20:10:47.320976,GET,/doc/emp_3367,200,8.722,127.0.0.1
2025-12-17T20:10:47.349385,GET,/doc/emp_3370,200,9.051,127.0.0.1
2025-12-17T20:10:47.380960,GET,/doc/emp_3373,200,9.263,127.0.0.1
2025-12-17T20:10:47.412835,GET,/doc/emp_3379,200,10.653,127.0.0.1
2025-12-17T20:10:47.425486,GET,/doc/emp_3380,200,9.046,127.0.0.1
2025-12-17T20:10:47.439182,GET,/doc/emp_3382,200,9.097,127.0.0.1
2025-12-17T20:10:47.474773,GET,/doc/emp_3383,200,9.764,127.0.0.1
2025-12-17T20:10:47.506454,GET,/doc/emp_3391,200,10.369,127.0.0.1
2025-12-17T20:10:47.519300,GET,/doc/emp_3393,200,8.95,127.0.0.1
2025-12-17T20:10:47.552735,GET,/doc/emp_3400,200,11.022,127.0.0.1
2025-12-17T20:10:47.582069,GET,/doc/emp_3401,200,9.007,127.0.0.1
2025-12-17T20:10:47.616590,GET,/doc/emp_3411,200,9.394,127.0.0.1
2025-12-17T20:10:47.648528,GET,/doc/emp_3415,200,9.622,127.0.0.1
2025-12-17T20:10:47.679557,GET,/doc/emp_3417,200,9.526,127.0.0.1
2025-12-17T20:10:47.692632,GET,/doc/emp_3420,200,9.492,127.0.0.1
2025-12-17T20:10:47.725178,GET,/doc/emp_3423,200,9.216,127.0.0.1
2025-12-17T20:10:47.758072,GET,/doc/emp_3429,200,10.706,127.0.0.1
2025-12-17T20:10:47.790227,GET,/doc/emp_3430,200,10.638,127.0.0.1
2025-12-17T20:10:47.820261,GET,/doc/emp_3432,200,9.561,127.0.0.1
2025-12-17T20:10:47.850464,GET,/doc/emp_3433,200,8.921,127.0.0.1
2025-12-17T20:10:47.882343,GET,/doc/emp_3441,200,9.309,127.0.0.1
2025-12-17T20:10:47.914595,GET,/doc/emp_3443,200,9.839,127.0.0.1
2025-12-17T20:10:47.926975,GET,/doc/emp_3450,200,8.927,127.0.0.1
2025-12-17T20:10:47.961458,GET,/doc/emp_3451,200,9.575,127.0.0.1
2025-12-17T20:10:47.992544,GET,/doc/emp_3461,200,9.685,127.0.0.1
2025-12-17T20:10:48.023807,GET,/doc/emp_3465,200,9.552,127.0.0.1
2025-12-17T20:10:48.037394,GET,/doc/emp_3467,200,9.845,127.0.0.1
2025-12-17T20:10:48.069738,GET,/doc/emp_3470,200,9.484,127.0.0.1
2025-12-17T20:10:48.100190,GET,/doc/emp_3473,200,8.54,127.0.0.1
2025-12-17T20:10:48.123313,GET,/doc/emp_3479,200,9.212,127.0.0.1
2025-12-17T20:10:48.154111,GET,/doc/emp_3480,200,9.167,127.0.0.1
2025-12-17T20:10:48.186925,GET,/doc/emp_3482,200,10.137,127.0.0.1
2025-12-17T20:10:48.216561,GET,/doc/emp_3483,200,8.961,127.0.0.1
2025-12-17T20:10:48.249942,GET,/doc/emp_3491,200,10.204,127.0.0.1
2025-12-17T20:10:48.280040,GET,/doc/emp_3493,200,9.675,127.0.0.1
2025-12-17T20:10:48.294956,GET,/doc/emp_3500,200,10.43,127.0.0.1
2025-12-17T20:10:48.309619,GET,/doc/emp_3501,200,10.019,127.0.0.1
2025-12-17T20:10:48.343056,GET,/doc/emp_3511,200,10.465,127.0.0.1
2025-12-17T20:10:48.371871,GET,/doc/emp_3515,200,9.951,127.0.0.1
2025-12-17T20:10:48.399163,GET,/doc/emp_3517,200,9.476,127.0.0.1
2025-12-17T20:10:48.433520,GET,/doc/emp_3520,200,11.385,127.0.0.1
2025-12-17T20:10:48.462612,GET,/doc/emp_3523,200,10.334,127.0.0.1
2025-12-17T20:10:48.476143,GET,/doc/emp_3529,200,9.403,127.0.0.1
2025-12-17T20:10:48.489763,GET,/doc/emp_3530,200,9.482,127.0.0.1
2025-12-17T20:10:48.504370,GET,/doc/emp_3532,200,9.947,127.0.0.1
2025-12-17T20:10:48.530670,GET,/doc/emp_3533,200,10.341,127.0.0.1
2025-12-17T20:10:48.561037,GET,/doc/emp_3541,200,9.3,127.0.0.1
2025-12-17T20:10:48.628639,GET,/doc/emp_3543,200,63.639,127.0.0.1
2025-12-17T20:10:48.658003,GET,/doc/emp_3550,200,9.658,127.0.0.1
2025-12-17T20:10:48.696021,GET,/doc/emp_3551,200,9.747,127.0.0.1
2025-12-17T20:10:48.728650,GET,/doc/emp_3561,200,10.291,127.0.0.1
2025-12-17T20:10:48.759814,GET,/doc/emp_3565,200,10.169,127.0.0.1
2025-12-17T20:10:48.788839,GET,/doc/emp_3567,200,9.689,127.0.0.1
2025-12-17T20:10:48.820506,GET,/doc/emp_3570,200,9.366,127.0.0.1
2025-12-17T20:10:48.852706,GET,/doc/emp_3573,200,10.204,127.0.0.1
2025-12-17T20:10:48.886894,GET,/doc/emp_3579,200,13.573,127.0.0.1
2025-12-17T20:10:48.900354,GET,/doc/emp_3580,200,9.243,127.0.0.1
2025-12-17T20:10:48.931199,GET,/doc/emp_3582,200,9.637,127.0.0.1
2025-12-17T20:10:48.962619,GET,/doc/emp_3583,200,9.636,127.0.0.1
2025-12-17T20:10:48.994572,GET,/doc/emp_3591,200,9.781,127.0.0.1
2025-12-17T20:10:49.027953,GET,/doc/emp_3593,200,10.579,127.0.0.1
2025-12-17T20:10:49.059296,GET,/doc/emp_3600,200,10.28,127.0.0.1
2025-12-17T20:10:49.090759,GET,/doc/emp_3601,200,9.788,127.0.0.1
2025-12-17T20:10:49.122612,GET,/doc/emp_3611,200,9.854,127.0.0.1
2025-12-17T20:10:49.152151,GET,/doc/emp_3615,200,9.83,127.0.0.1
2025-12-17T20:10:49.182485,GET,/doc/emp_3617,200,8.745,127.0.0.1
2025-12-17T20:10:49.214575,GET,/doc/emp_3620,200,9.715,127.0.0.1
2025-12-17T20:10:49.244953,GET,/doc/emp_3623,200,8.837,127.0.0.1
2025-12-17T20:10:49.277357,GET,/doc/emp_3629,200,8.878,127.0.0.1
2025-12-17T20:10:49.308157,GET,/doc/emp_3630,200,9.135,127.0.0.1
2025-12-17T20:10:49.340052,GET,/doc/emp_3632,200,10.339,127.0.0.1
2025-12-17T20:10:49.370145,GET,/doc/emp_3633,200,8.677,127.0.0.1
2025-12-17T20:10:49.399317,GET,/doc/emp_3641,200,8.661,127.0.0.1
2025-12-17T20:10:49.423171,GET,/doc/emp_3643,200,9.499,127.0.0.1
2025-12-17T20:10:49.454580,GET,/doc/emp_3650,200,10.275,127.0.0.1
2025-12-17T20:10:49.469868,GET,/doc/emp_3651,200,10.566,127.0.0.1
2025-12-17T20:10:49.502737,GET,/doc/emp_3661,200,9.784,127.0.0.1
2025-12-17T20:10:49.532389,GET,/doc/emp_3665,200,8.615,127.0.0.1
2025-12-17T20:10:49.565360,GET,/doc/emp_3667,200,9.414,127.0.0.1
2025-12-17T20:10:49.595672,GET,/doc/emp_3670,200,8.891,127.0.0.1
2025-12-17T20:10:49.627136,GET,/doc/emp_3673,200,9.046,127.0.0.1
2025-12-17T20:10:49.658460,GET,/doc/emp_3679,200,9.327,127.0.0.1
2025-12-17T20:10:49.688037,GET,/doc/emp_3680,200,8.48,127.0.0.1
2025-12-17T20:10:49.720700,GET,/doc/emp_3682,200,9.168,127.0.0.1
2025-12-17T20:10:49.751753,GET,/doc/emp_3683,200,9.305,127.0.0.1
2025-12-17T20:10:49.783070,GET,/doc/emp_3691,200,8.885,127.0.0.1
2025-12-17T20:10:49.815969,GET,/doc/emp_3693,200,10.018,127.0.0.1
2025-12-17T20:10:49.848680,GET,/doc/emp_3700,200,11.5,127.0.0.1
2025-12-17T20:10:49.890010,GET,/doc/emp_3701,200,14.094,127.0.0.1
2025-12-17T20:10:49.913577,GET,/doc/emp_3711,200,8.902,127.0.0.1
2025-12-17T20:10:49.946363,GET,/doc/emp_3715,200,9.679,127.0.0.1
2025-12-17T20:10:49.977537,GET,/doc/emp_3717,200,9.936,127.0.0.1
2025-12-17T20:10:50.007545,GET,/doc/emp_3720,200,9.214,127.0.0.1
2025-12-17T20:10:50.038547,GET,/doc/emp_3723,200,9.083,127.0.0.1
2025-12-17T20:10:50.071516,GET,/doc/emp_3729,200,10.908,127.0.0.1
2025-12-17T20:10:50.102608,GET,/doc/emp_3730,200,10.827,127.0.0.1
2025-12-17T20:10:50.131972,GET,/doc/emp_3732,200,8.514,127.0.0.1
2025-12-17T20:10:50.163223,GET,/doc/emp_3733,200,8.552,127.0.0.1
2025-12-17T20:10:50.196310,GET,/doc/emp_3741,200,9.636,127.0.0.1
2025-12-17T20:10:50.227358,GET,/doc/emp_3743,200,9.103,127.0.0.1
2025-12-17T20:10:50.258489,GET,/doc/emp_3750,200,8.942,127.0.0.1
2025-12-17T20:10:50.290068,GET,/doc/emp_3751,200,9.456,127.0.0.1
2025-12-17T20:10:50.320613,GET,/doc/emp_3761,200,9.579,127.0.0.1
2025-12-17T20:10:50.351975,GET,/doc/emp_3765,200,9.701,127.0.0.1
2025-12-17T20:10:50.382960,GET,/doc/emp_3767,200,9.868,127.0.0.1
2025-12-17T20:10:50.413264,GET,/doc/emp_3770,200,9.145,127.0.0.1
2025-12-17T20:10:50.445611,GET,/doc/emp_3773,200,9.65,127.0.0.1
2025-12-17T20:10:50.477022,GET,/doc/emp_3779,200,9.148,127.0.0.1
2025-12-17T20:10:50.508197,GET,/doc/emp_3780,200,8.933,127.0.0.1
2025-12-17T20:10:50.538621,GET,/doc/emp_3782,200,8.768,127.0.0.1
2025-12-17T20:10:50.568467,GET,/doc/emp_3783,200,8.694,127.0.0.1
2025-12-17T20:10:50.599447,GET,/doc/emp_3791,200,8.485,127.0.0.1
2025-12-17T20:10:50.630683,GET,/doc/emp_3793,200,9.024,127.0.0.1
2025-12-17T20:10:50.660906,GET,/doc/emp_3800,200,8.916,127.0.0.1
2025-12-17T20:10:50.692997,GET,/doc/emp_3801,200,9.409,127.0.0.1
2025-12-17T20:10:50.716333,GET,/doc/emp_3811,200,9.193,127.0.0.1
2025-12-17T20:10:50.746614,GET,/doc/emp_3815,200,8.842,127.0.0.1
2025-12-17T20:10:50.779470,GET,/doc/emp_3817,200,10.146,127.0.0.1
2025-12-17T20:10:50.811199,GET,/doc/emp_3820,200,10.148,127.0.0.1
2025-12-17T20:10:50.844421,GET,/doc/emp_3823,200,11.375,127.0.0.1
2025-12-17T20:10:50.874162,GET,/doc/emp_3829,200,10.18,127.0.0.1
2025-12-17T20:10:50.904815,GET,/doc/emp_3830,200,9.341,127.0.0.1
2025-12-17T20:10:50.935187,GET,/doc/emp_3832,200,9.405,127.0.0.1
2025-12-17T20:10:50.965414,GET,/doc/emp_3833,200,9.451,127.0.0.1
2025-12-17T20:10:50.997057,GET,/doc/emp_3841,200,9.447,127.0.0.1
2025-12-17T20:10:51.010428,GET,/doc/emp_3843,200,9.364,127.0.0.1
2025-12-17T20:10:51.042750,GET,/doc/emp_3850,200,10.392,127.0.0.1
2025-12-17T20:10:51.074795,GET,/doc/emp_3851,200,10.725,127.0.0.1
2025-12-17T20:10:51.089310,GET,/doc/emp_3861,200,10.201,127.0.0.1
2025-12-17T20:10:51.109764,GET,/doc/emp_3865,200,15.848,127.0.0.1
2025-12-17T20:10:51.134301,GET,/doc/emp_3867,200,10.259,127.0.0.1
2025-12-17T20:10:51.165633,GET,/doc/emp_3870,200,9.543,127.0.0.1
2025-12-17T20:10:51.196747,GET,/doc/emp_3873,200,10.37,127.0.0.1
2025-12-17T20:10:51.234335,GET,/doc/emp_3879,200,9.156,127.0.0.1
2025-12-17T20:10:51.266842,GET,/doc/emp_3880,200,10.006,127.0.0.1
2025-12-17T20:10:51.298648,GET,/doc/emp_3882,200,10.303,127.0.0.1
2025-12-17T20:10:51.312887,GET,/doc/emp_3883,200,9.873,127.0.0.1
2025-12-17T20:10:51.327434,GET,/doc/emp_3891,200,10.139,127.0.0.1
2025-12-17T20:10:51.341208,GET,/doc/emp_3893,200,9.759,127.0.0.1
2025-12-17T20:10:51.376953,GET,/doc/emp_3900,200,10.557,127.0.0.1
2025-12-17T20:10:51.390297,GET,/doc/emp_3901,200,8.787,127.0.0.1
2025-12-17T20:10:51.421766,GET,/doc/emp_3911,200,8.771,127.0.0.1
2025-12-17T20:10:51.451003,GET,/doc/emp_3915,200,9.877,127.0.0.1
2025-12-17T20:10:51.485804,GET,/doc/emp_3917,200,9.961,127.0.0.1
2025-12-17T20:10:51.516608,GET,/doc/emp_3920,200,10.034,127.0.0.1
2025-12-17T20:10:51.546870,GET,/doc/emp_3923,200,8.699,127.0.0.1
2025-12-17T20:10:51.578701,GET,/doc/emp_3929,200,9.15,127.0.0.1
2025-12-17T20:10:51.611812,GET,/doc/emp_3930,200,10.736,127.0.0.1
2025-12-17T20:10:51.625384,GET,/doc/emp_3932,200,9.611,127.0.0.1
2025-12-17T20:10:51.658682,GET,/doc/emp_3933,200,9.44,127.0.0.1
2025-12-17T20:10:51.690164,GET,/doc/emp_3941,200,10.332,127.0.0.1
2025-12-17T20:10:51.716661,GET,/doc/emp_3943,200,9.452,127.0.0.1
2025-12-17T20:10:51.730211,GET,/doc/emp_3950,200,9.542,127.0.0.1
2025-12-17T20:10:51.744849,GET,/doc/emp_3951,200,10.086,127.0.0.1
2025-12-17T20:10:51.779995,GET,/doc/emp_3961,200,10.378,127.0.0.1
2025-12-17T20:10:51.812923,GET,/doc/emp_3965,200,8.81,127.0.0.1
2025-12-17T20:10:51.844427,GET,/doc/emp_3967,200,9.292,127.0.0.1
2025-12-17T20:10:51.875369,GET,/doc/emp_3970,200,9.675,127.0.0.1
2025-12-17T20:10:51.907646,GET,/doc/emp_3973,200,9.879,127.0.0.1
2025-12-17T20:10:51.938054,GET,/doc/emp_3979,200,8.781,127.0.0.1
2025-12-17T20:10:51.952222,GET,/doc/emp_3980,200,10.333,127.0.0.1
2025-12-17T20:10:51.985418,GET,/doc/emp_3982,200,9.655,127.0.0.1
2025-12-17T20:10:52.016467,GET,/doc/emp_3983,200,8.9,127.0.0.1
2025-12-17T20:10:52.047175,GET,/doc/emp_3991,200,9.021,127.0.0.1
2025-12-17T20:10:52.079219,GET,/doc/emp_3993,200,9.226,127.0.0.1
2025-12-17T20:10:52.110174,GET,/doc/emp_4000,200,8.925,127.0.0.1
2025-12-17T20:10:52.142592,GET,/doc/emp_4001,200,9.214,127.0.0.1
2025-12-17T20:10:52.174133,GET,/doc/emp_4011,200,9.82,127.0.0.1
2025-12-17T20:10:52.196234,GET,/doc/emp_4015,200,9.016,127.0.0.1
2025-12-17T20:10:52.227026,GET,/doc/emp_4017,200,10.776,127.0.0.1
2025-12-17T20:10:52.239685,GET,/doc/emp_4020,200,8.883,127.0.0.1
2025-12-17T20:10:52.276163,GET,/doc/emp_4023,200,12.353,127.0.0.1
2025-12-17T20:10:52.293635,GET,/doc/emp_4029,200,12.485,127.0.0.1
2025-12-17T20:10:52.309841,GET,/doc/emp_4030,200,11.097,127.0.0.1
2025-12-17T20:10:52.338224,GET,/doc/emp_4032,200,11.891,127.0.0.1
2025-12-17T20:10:52.357112,GET,/doc/emp_4033,200,13.799,127.0.0.1
2025-12-17T20:10:52.384312,GET,/doc/emp_4041,200,10.432,127.0.0.1
2025-12-17T20:10:52.400111,GET,/doc/emp_4043,200,10.884,127.0.0.1
2025-12-17T20:10:52.415715,GET,/doc/emp_4050,200,10.996,127.0.0.1
2025-12-17T20:10:52.430744,GET,/doc/emp_4051,200,10.236,127.0.0.1
2025-12-17T20:10:52.463631,GET,/doc/emp_4061,200,12.588,127.0.0.1
2025-12-17T20:10:52.493701,GET,/doc/emp_4065,200,12.114,127.0.0.1
2025-12-17T20:10:52.523512,GET,/doc/emp_4067,200,10.752,127.0.0.1
2025-12-17T20:10:52.537712,GET,/doc/emp_4070,200,9.846,127.0.0.1
2025-12-17T20:10:52.568360,GET,/doc/emp_4073,200,9.158,127.0.0.1
2025-12-17T20:10:52.582100,GET,/doc/emp_4079,200,9.429,127.0.0.1
2025-12-17T20:10:52.615030,GET,/doc/emp_4080,200,9.85,127.0.0.1
2025-12-17T20:10:52.649308,GET,/doc/emp_4082,200,10.295,127.0.0.1
2025-12-17T20:10:52.680489,GET,/doc/emp_4083,200,9.954,127.0.0.1
2025-12-17T20:10:52.695169,GET,/doc/emp_4091,200,11.024,127.0.0.1
2025-12-17T20:10:52.719233,GET,/doc/emp_4093,200,11.215,127.0.0.1
2025-12-17T20:10:52.750587,GET,/doc/emp_4100,200,12.459,127.0.0.1
2025-12-17T20:10:52.801837,GET,/doc/emp_4101,200,20.222,127.0.0.1
2025-12-17T20:10:52.816271,GET,/doc/emp_4111,200,10.233,127.0.0.1
2025-12-17T20:10:52.840516,GET,/doc/emp_4115,200,10.136,127.0.0.1
2025-12-17T20:10:52.853598,GET,/doc/emp_4117,200,9.108,127.0.0.1
2025-12-17T20:10:52.866593,GET,/doc/emp_4120,200,9.211,127.0.0.1
2025-12-17T20:10:52.881102,GET,/doc/emp_4123,200,10.68,127.0.0.1
2025-12-17T20:10:52.904754,GET,/doc/emp_4129,200,9.979,127.0.0.1
2025-12-17T20:10:52.917951,GET,/doc/emp_4130,200,9.14,127.0.0.1
2025-12-17T20:10:52.931466,GET,/doc/emp_4132,200,9.483,127.0.0.1
2025-12-17T20:10:52.967771,GET,/doc/emp_4133,200,9.293,127.0.0.1
2025-12-17T20:10:53.000602,GET,/doc/emp_4141,200,10.374,127.0.0.1
2025-12-17T20:10:53.030855,GET,/doc/emp_4143,200,9.841,127.0.0.1
2025-12-17T20:10:53.043747,GET,/doc/emp_4150,200,9.085,127.0.0.1
2025-12-17T20:10:53.077011,GET,/doc/emp_4151,200,9.769,127.0.0.1
2025-12-17T20:10:53.107439,GET,/doc/emp_4161,200,9.316,127.0.0.1
2025-12-17T20:10:53.138517,GET,/doc/emp_4165,200,9.119,127.0.0.1
2025-12-17T20:10:53.170096,GET,/doc/emp_4167,200,9.153,127.0.0.1
2025-12-17T20:10:53.201175,GET,/doc/emp_4170,200,9.514,127.0.0.1
2025-12-17T20:10:53.216344,GET,/doc/emp_4173,200,10.895,127.0.0.1
2025-12-17T20:10:53.231202,GET,/doc/emp_4179,200,10.077,127.0.0.1
2025-12-17T20:10:53.246324,GET,/doc/emp_4180,200,10.199,127.0.0.1
2025-12-17T20:10:53.260943,GET,/doc/emp_4182,200,9.712,127.0.0.1
2025-12-17T20:10:53.289468,GET,/doc/emp_4183,200,8.978,127.0.0.1
2025-12-17T20:10:53.302625,GET,/doc/emp_4191,200,9.472,127.0.0.1
2025-12-17T20:10:53.315557,GET,/doc/emp_4193,200,9.304,127.0.0.1
2025-12-17T20:10:53.351582,GET,/doc/emp_4200,200,9.13,127.0.0.1
2025-12-17T20:10:53.382920,GET,/doc/emp_4201,200,8.358,127.0.0.1
2025-12-17T20:10:53.416112,GET,/doc/emp_4211,200,9.465,127.0.0.1
2025-12-17T20:10:53.446429,GET,/doc/emp_4215,200,9.118,127.0.0.1
2025-12-17T20:10:53.477838,GET,/doc/emp_4217,200,9.764,127.0.0.1
2025-12-17T20:10:53.492588,GET,/doc/emp_4220,200,10.67,127.0.0.1
2025-12-17T20:10:53.515477,GET,/doc/emp_4223,200,8.729,127.0.0.1
2025-12-17T20:10:53.529525,GET,/doc/emp_4229,200,9.996,127.0.0.1
2025-12-17T20:10:53.562007,GET,/doc/emp_4230,200,9.587,127.0.0.1
2025-12-17T20:10:53.576089,GET,/doc/emp_4232,200,9.297,127.0.0.1
2025-12-17T20:10:53.589443,GET,/doc/emp_4233,200,9.231,127.0.0.1
2025-12-17T20:10:53.624208,GET,/doc/emp_4241,200,9.713,127.0.0.1
2025-12-17T20:10:53.656130,GET,/doc/emp_4243,200,9.677,127.0.0.1
2025-12-17T20:10:53.687021,GET,/doc/emp_4250,200,9.539,127.0.0.1
2025-12-17T20:10:53.717782,GET,/doc/emp_4251,200,9.325,127.0.0.1
2025-12-17T20:10:53.730935,GET,/doc/emp_4261,200,9.366,127.0.0.1
2025-12-17T20:10:53.764661,GET,/doc/emp_4265,200,9.164,127.0.0.1
2025-12-17T20:10:53.777932,GET,/doc/emp_4267,200,9.072,127.0.0.1
2025-12-17T20:10:53.807680,GET,/doc/emp_4270,200,8.989,127.0.0.1
2025-12-17T20:10:53.838789,GET,/doc/emp_4273,200,9.367,127.0.0.1
2025-12-17T20:10:53.870921,GET,/doc/emp_4279,200,9.849,127.0.0.1
2025-12-17T20:10:53.901643,GET,/doc/emp_4280,200,8.97,127.0.0.1
2025-12-17T20:10:53.933542,GET,/doc/emp_4282,200,9.721,127.0.0.1
2025-12-17T20:10:53.964463,GET,/doc/emp_4283,200,8.962,127.0.0.1
2025-12-17T20:10:53.996900,GET,/doc/emp_4291,200,9.315,127.0.0.1
2025-12-17T20:10:54.010523,GET,/doc/emp_4293,200,9.498,127.0.0.1
2025-12-17T20:10:54.023783,GET,/doc/emp_4300,200,9.414,127.0.0.1
2025-12-17T20:10:54.036625,GET,/doc/emp_4301,200,9.056,127.0.0.1
2025-12-17T20:10:54.099790,GET,/doc/emp_4311,200,35.051,127.0.0.1
2025-12-17T20:10:54.136966,GET,/doc/emp_4315,200,8.993,127.0.0.1
2025-12-17T20:10:54.169793,GET,/doc/emp_4317,200,10.036,127.0.0.1
2025-12-17T20:10:54.200187,GET,/doc/emp_4320,200,8.796,127.0.0.1
2025-12-17T20:10:54.232677,GET,/doc/emp_4323,200,8.802,127.0.0.1
2025-12-17T20:10:54.262470,GET,/doc/emp_4329,200,9.321,127.0.0.1
2025-12-17T20:10:54.293171,GET,/doc/emp_4330,200,8.981,127.0.0.1
2025-12-17T20:10:54.323593,GET,/doc/emp_4332,200,9.003,127.0.0.1
2025-12-17T20:10:54.360919,GET,/doc/emp_4333,200,9.293,127.0.0.1
2025-12-17T20:10:54.392336,GET,/doc/emp_4341,200,9.591,127.0.0.1
2025-12-17T20:10:54.430448,GET,/doc/emp_4343,200,9.215,127.0.0.1
2025-12-17T20:10:54.444358,GET,/doc/emp_4350,200,10.184,127.0.0.1
2025-12-17T20:10:54.476629,GET,/doc/emp_4351,200,9.337,127.0.0.1
2025-12-17T20:10:54.491404,GET,/doc/emp_4361,200,11.072,127.0.0.1
2025-12-17T20:10:54.525080,GET,/doc/emp_4365,200,10.914,127.0.0.1
2025-12-17T20:10:54.554740,GET,/doc/emp_4367,200,9.505,127.0.0.1
2025-12-17T20:10:54.586555,GET,/doc/emp_4370,200,9.952,127.0.0.1
2025-12-17T20:10:54.599219,GET,/doc/emp_4373,200,8.374,127.0.0.1
2025-12-17T20:10:54.631265,GET,/doc/emp_4379,200,8.642,127.0.0.1
2025-12-17T20:10:54.662859,GET,/doc/emp_4380,200,8.953,127.0.0.1
2025-12-17T20:10:54.695500,GET,/doc/emp_4382,200,9.332,127.0.0.1
2025-12-17T20:10:54.726481,GET,/doc/emp_4383,200,9.491,127.0.0.1
2025-12-17T20:10:54.757697,GET,/doc/emp_4391,200,9.433,127.0.0.1
2025-12-17T20:10:54.789237,GET,/doc/emp_4393,200,8.782,127.0.0.1
2025-12-17T20:10:54.819642,GET,/doc/emp_4400,200,9.087,127.0.0.1
2025-12-17T20:10:54.850505,GET,/doc/emp_4401,200,9.03,127.0.0.1
2025-12-17T20:10:54.882827,GET,/doc/emp_4411,200,9.153,127.0.0.1
2025-12-17T20:10:54.913844,GET,/doc/emp_4415,200,9.274,127.0.0.1
2025-12-17T20:10:54.944570,GET,/doc/emp_4417,200,9.15,127.0.0.1
2025-12-17T20:10:54.974708,GET,/doc/emp_4420,200,8.753,127.0.0.1
2025-12-17T20:10:55.007493,GET,/doc/emp_4423,200,10.271,127.0.0.1
2025-12-17T20:10:55.020196,GET,/doc/emp_4429,200,8.943,127.0.0.1
2025-12-17T20:10:55.047333,GET,/doc/emp_4430,200,8.665,127.0.0.1
2025-12-17T20:10:55.079397,GET,/doc/emp_4432,200,8.883,127.0.0.1
2025-12-17T20:10:55.113230,GET,/doc/emp_4433,200,10.032,127.0.0.1
2025-12-17T20:10:55.146029,GET,/doc/emp_4441,200,9.163,127.0.0.1
2025-12-17T20:10:55.185438,GET,/doc/emp_4443,200,9.303,127.0.0.1
2025-12-17T20:10:55.199025,GET,/doc/emp_4450,200,9.685,127.0.0.1
2025-12-17T20:10:55.228362,GET,/doc/emp_4451,200,9.685,127.0.0.1
2025-12-17T20:10:55.267400,GET,/doc/emp_4461,200,9.937,127.0.0.1
2025-12-17T20:10:55.284519,GET,/doc/emp_4465,200,11.011,127.0.0.1
2025-12-17T20:10:55.312560,GET,/doc/emp_4467,200,8.753,127.0.0.1
2025-12-17T20:10:55.344945,GET,/doc/emp_4470,200,8.907,127.0.0.1
2025-12-17T20:10:55.378456,GET,/doc/emp_4473,200,9.257,127.0.0.1
2025-12-17T20:10:55.391734,GET,/doc/emp_4479,200,9.595,127.0.0.1
2025-12-17T20:10:55.415137,GET,/doc/emp_4480,200,8.317,127.0.0.1
2025-12-17T20:10:55.447401,GET,/doc/emp_4482,200,9.296,127.0.0.1
2025-12-17T20:10:55.478586,GET,/doc/emp_4483,200,9.257,127.0.0.1
2025-12-17T20:10:55.510318,GET,/doc/emp_4491,200,9.916,127.0.0.1
2025-12-17T20:10:55.522448,GET,/doc/emp_4493,200,8.544,127.0.0.1
2025-12-17T20:10:55.549798,GET,/doc/emp_4500,200,8.885,127.0.0.1
2025-12-17T20:10:55.581035,GET,/doc/emp_4501,200,9.138,127.0.0.1
2025-12-17T20:10:55.613621,GET,/doc/emp_4511,200,10.49,127.0.0.1
2025-12-17T20:10:55.626303,GET,/doc/emp_4515,200,8.548,127.0.0.1
2025-12-17T20:10:55.659808,GET,/doc/emp_4517,200,8.903,127.0.0.1
2025-12-17T20:10:55.693270,GET,/doc/emp_4520,200,10.564,127.0.0.1
2025-12-17T20:10:55.730725,GET,/doc/emp_4523,200,8.93,127.0.0.1
2025-12-17T20:10:55.762271,GET,/doc/emp_4529,200,8.912,127.0.0.1
2025-12-17T20:10:55.795089,GET,/doc/emp_4530,200,9.298,127.0.0.1
2025-12-17T20:10:55.815089,GET,/doc/emp_4532,200,8.516,127.0.0.1
2025-12-17T20:10:55.827673,GET,/doc/emp_4533,200,8.506,127.0.0.1
2025-12-17T20:10:55.864836,GET,/doc/emp_4541,200,8.678,127.0.0.1
2025-12-17T20:10:55.895948,GET,/doc/emp_4543,200,9.294,127.0.0.1
2025-12-17T20:10:55.927942,GET,/doc/emp_4550,200,8.891,127.0.0.1
2025-12-17T20:10:55.960018,GET,/doc/emp_4551,200,9.248,127.0.0.1
2025-12-17T20:10:55.991734,GET,/doc/emp_4561,200,10.073,127.0.0.1
2025-12-17T20:10:56.023296,GET,/doc/emp_4565,200,10.553,127.0.0.1
2025-12-17T20:10:56.054281,GET,/doc/emp_4567,200,9.702,127.0.0.1
2025-12-17T20:10:56.086091,GET,/doc/emp_4570,200,10.054,127.0.0.1
2025-12-17T20:10:56.117261,GET,/doc/emp_4573,200,10.791,127.0.0.1
2025-12-17T20:10:56.146563,GET,/doc/emp_4579,200,9.233,127.0.0.1
2025-12-17T20:10:56.178947,GET,/doc/emp_4580,200,9.851,127.0.0.1
2025-12-17T20:10:56.209064,GET,/doc/emp_4582,200,9.068,127.0.0.1
2025-12-17T20:10:56.241287,GET,/doc/emp_4583,200,8.835,127.0.0.1
2025-12-17T20:10:56.274433,GET,/doc/emp_4591,200,10.23,127.0.0.1
2025-12-17T20:10:56.304488,GET,/doc/emp_4593,200,9.128,127.0.0.1
2025-12-17T20:10:56.334689,GET,/doc/emp_4600,200,8.872,127.0.0.1
2025-12-17T20:10:56.367964,GET,/doc/emp_4601,200,10.342,127.0.0.1
2025-12-17T20:10:56.398204,GET,/doc/emp_4611,200,9.807,127.0.0.1
2025-12-17T20:10:56.411840,GET,/doc/emp_4615,200,9.755,127.0.0.1
2025-12-17T20:10:56.445066,GET,/doc/emp_4617,200,9.416,127.0.0.1
2025-12-17T20:10:56.476574,GET,/doc/emp_4620,200,9.751,127.0.0.1
2025-12-17T20:10:56.520022,GET,/doc/emp_4623,200,21.96,127.0.0.1
2025-12-17T20:10:56.558545,GET,/doc/emp_4629,200,12.782,127.0.0.1
2025-12-17T20:10:56.587703,GET,/doc/emp_4630,200,10.771,127.0.0.1
2025-12-17T20:10:56.602375,GET,/doc/emp_4632,200,10.24,127.0.0.1
2025-12-17T20:10:56.633284,GET,/doc/emp_4633,200,10.031,127.0.0.1
2025-12-17T20:10:56.648445,GET,/doc/emp_4641,200,11.388,127.0.0.1
2025-12-17T20:10:56.681679,GET,/doc/emp_4643,200,10.862,127.0.0.1
2025-12-17T20:10:56.695843,GET,/doc/emp_4650,200,10.043,127.0.0.1
2025-12-17T20:10:56.727960,GET,/doc/emp_4651,200,10.482,127.0.0.1
2025-12-17T20:10:56.759749,GET,/doc/emp_4661,200,11.07,127.0.0.1
2025-12-17T20:10:56.790041,GET,/doc/emp_4665,200,9.686,127.0.0.1
2025-12-17T20:10:56.822611,GET,/doc/emp_4667,200,10.857,127.0.0.1
2025-12-17T20:10:56.853720,GET,/doc/emp_4670,200,10.725,127.0.0.1
2025-12-17T20:10:56.869127,GET,/doc/emp_4673,200,10.403,127.0.0.1
2025-12-17T20:10:56.900671,GET,/doc/emp_4679,200,10.382,127.0.0.1
2025-12-17T20:10:56.933301,GET,/doc/emp_4680,200,10.935,127.0.0.1
2025-12-17T20:10:56.964756,GET,/doc/emp_4682,200,11.27,127.0.0.1
2025-12-17T20:10:56.979325,GET,/doc/emp_4683,200,10.568,127.0.0.1
2025-12-17T20:10:57.010067,GET,/doc/emp_4691,200,10.303,127.0.0.1
2025-12-17T20:10:57.032405,GET,/doc/emp_4693,200,9.78,127.0.0.1
2025-12-17T20:10:57.047395,GET,/doc/emp_4700,200,11.15,127.0.0.1
2025-12-17T20:10:57.077967,GET,/doc/emp_4701,200,9.316,127.0.0.1
2025-12-17T20:10:57.109662,GET,/doc/emp_4711,200,9.841,127.0.0.1
2025-12-17T20:10:57.138445,GET,/doc/emp_4715,200,8.893,127.0.0.1
2025-12-17T20:10:57.158934,GET,/doc/emp_4717,200,15.698,127.0.0.1
2025-12-17T20:10:57.203748,GET,/doc/emp_4720,200,15.058,127.0.0.1
2025-12-17T20:10:57.236621,GET,/doc/emp_4723,200,12.4,127.0.0.1
2025-12-17T20:10:57.250630,GET,/doc/emp_4729,200,10.071,127.0.0.1
2025-12-17T20:10:57.264681,GET,/doc/emp_4730,200,10.45,127.0.0.1
2025-12-17T20:10:57.277617,GET,/doc/emp_4732,200,9.325,127.0.0.1
2025-12-17T20:10:57.289363,GET,/doc/emp_4733,200,8.312,127.0.0.1
2025-12-17T20:10:57.303322,GET,/doc/emp_4741,200,9.19,127.0.0.1
2025-12-17T20:10:57.318406,GET,/doc/emp_4743,200,10.278,127.0.0.1
2025-12-17T20:10:57.333163,GET,/doc/emp_4750,200,10.016,127.0.0.1
2025-12-17T20:10:57.370799,GET,/doc/emp_4751,200,9.5,127.0.0.1
2025-12-17T20:10:57.403121,GET,/doc/emp_4761,200,10.249,127.0.0.1
2025-12-17T20:10:57.417536,GET,/doc/emp_4765,200,9.908,127.0.0.1
2025-12-17T20:10:57.431898,GET,/doc/emp_4767,200,10.301,127.0.0.1
2025-12-17T20:10:57.464467,GET,/doc/emp_4770,200,10.229,127.0.0.1
2025-12-17T20:10:57.495856,GET,/doc/emp_4773,200,9.931,127.0.0.1
2025-12-17T20:10:57.527432,GET,/doc/emp_4779,200,11.004,127.0.0.1
2025-12-17T20:10:57.558275,GET,/doc/emp_4780,200,10.548,127.0.0.1
2025-12-17T20:10:57.589455,GET,/doc/emp_4782,200,9.69,127.0.0.1
2025-12-17T20:10:57.619957,GET,/doc/emp_4783,200,9.687,127.0.0.1
2025-12-17T20:10:57.633832,GET,/doc/emp_4791,200,9.502,127.0.0.1
2025-12-17T20:10:57.666715,GET,/doc/emp_4793,200,9.638,127.0.0.1
2025-12-17T20:10:57.698319,GET,/doc/emp_4800,200,9.464,127.0.0.1
2025-12-17T20:10:57.729559,GET,/doc/emp_4801,200,9.44,127.0.0.1
2025-12-17T20:10:57.760640,GET,/doc/emp_4811,200,9.98,127.0.0.1
2025-12-17T20:10:57.790691,GET,/doc/emp_4815,200,8.677,127.0.0.1
2025-12-17T20:10:57.822464,GET,/doc/emp_4817,200,9.278,127.0.0.1
2025-12-17T20:10:57.853061,GET,/doc/emp_4820,200,9.094,127.0.0.1
2025-12-17T20:10:57.884975,GET,/doc/emp_4823,200,9.787,127.0.0.1
2025-12-17T20:10:57.917242,GET,/doc/emp_4829,200,10.691,127.0.0.1
2025-12-17T20:10:57.947348,GET,/doc/emp_4830,200,10.938,127.0.0.1
2025-12-17T20:10:57.962505,GET,/doc/emp_4832,200,10.741,127.0.0.1
2025-12-17T20:10:57.977348,GET,/doc/emp_4833,200,10.574,127.0.0.1
2025-12-17T20:10:58.007367,GET,/doc/emp_4841,200,9.584,127.0.0.1
2025-12-17T20:10:58.041904,GET,/doc/emp_4843,200,11.539,127.0.0.1
2025-12-17T20:10:58.057795,GET,/doc/emp_4850,200,11.562,127.0.0.1
2025-12-17T20:10:58.071826,GET,/doc/emp_4851,200,9.926,127.0.0.1
2025-12-17T20:10:58.085592,GET,/doc/emp_4861,200,8.968,127.0.0.1
2025-12-17T20:10:58.099820,GET,/doc/emp_4865,200,10.099,127.0.0.1
2025-12-17T20:10:58.114404,GET,/doc/emp_4867,200,10.494,127.0.0.1
2025-12-17T20:10:58.150004,GET,/doc/emp_4870,200,11.405,127.0.0.1
2025-12-17T20:10:58.184453,GET,/doc/emp_4873,200,13.921,127.0.0.1
2025-12-17T20:10:58.213408,GET,/doc/emp_4879,200,10.788,127.0.0.1
2025-12-17T20:10:58.226343,GET,/doc/emp_4880,200,9.366,127.0.0.1
2025-12-17T20:10:58.238804,GET,/doc/emp_4882,200,8.793,127.0.0.1
2025-12-17T20:10:58.252626,GET,/doc/emp_4883,200,9.744,127.0.0.1
2025-12-17T20:10:58.288266,GET,/doc/emp_4891,200,9.074,127.0.0.1
2025-12-17T20:10:58.302348,GET,/doc/emp_4893,200,9.357,127.0.0.1
2025-12-17T20:10:58.335023,GET,/doc/emp_4900,200,8.789,127.0.0.1
2025-12-17T20:10:58.368068,GET,/doc/emp_4901,200,9.637,127.0.0.1
2025-12-17T20:10:58.400590,GET,/doc/emp_4911,200,9.864,127.0.0.1
2025-12-17T20:10:58.431834,GET,/doc/emp_4915,200,10.385,127.0.0.1
2025-12-17T20:10:58.462554,GET,/doc/emp_4917,200,9.625,127.0.0.1
2025-12-17T20:10:58.493156,GET,/doc/emp_4920,200,9.217,127.0.0.1
2025-12-17T20:10:58.526162,GET,/doc/emp_4923,200,10.08,127.0.0.1
2025-12-17T20:10:58.557707,GET,/doc/emp_4929,200,11.407,127.0.0.1
2025-12-17T20:10:58.571382,GET,/doc/emp_4930,200,9.098,127.0.0.1
2025-12-17T20:10:58.588027,GET,/doc/emp_4932,200,11.556,127.0.0.1
2025-12-17T20:10:58.603151,GET,/doc/emp_4933,200,10.273,127.0.0.1
2025-12-17T20:10:58.636286,GET,/doc/emp_4941,200,11.543,127.0.0.1
2025-12-17T20:10:58.668377,GET,/doc/emp_4943,200,9.478,127.0.0.1
2025-12-17T20:10:58.699951,GET,/doc/emp_4950,200,10.414,127.0.0.1
2025-12-17T20:10:58.730058,GET,/doc/emp_4951,200,9.75,127.0.0.1
2025-12-17T20:10:58.761297,GET,/doc/emp_4961,200,10.322,127.0.0.1
2025-12-17T20:10:58.793295,GET,/doc/emp_4965,200,10.517,127.0.0.1
2025-12-17T20:10:58.822486,GET,/doc/emp_4967,200,9.08,127.0.0.1
2025-12-17T20:10:58.853121,GET,/doc/emp_4970,200,8.562,127.0.0.1
2025-12-17T20:10:58.885988,GET,/doc/emp_4973,200,9.228,127.0.0.1
2025-12-17T20:10:58.917852,GET,/doc/emp_4979,200,10.279,127.0.0.1
2025-12-17T20:10:58.949358,GET,/doc/emp_4980,200,10.04,127.0.0.1
2025-12-17T20:10:58.981543,GET,/doc/emp_4982,200,10.908,127.0.0.1
2025-12-17T20:10:59.014548,GET,/doc/emp_4983,200,12.046,127.0.0.1
2025-12-17T20:10:59.031415,GET,/doc/emp_4991,200,12.126,127.0.0.1
2025-12-17T20:10:59.048165,GET,/doc/emp_4993,200,12.115,127.0.0.1
2025-12-17T20:10:59.075919,GET,/doc/emp_5000,200,11.616,127.0.0.1
2025-12-17T20:11:29.424623,GET,/favicon.ico,404,1.154,127.0.0.1
2025-12-17T20:11:32.993777,GET,/metrics,200,71.293,127.0.0.1
2025-12-17T20:11:33.130294,GET,/static/image/logo.png,304,92.514,127.0.0.1
2025-12-17T20:12:05.578603,GET,/,200,28.985,127.0.0.1
2025-12-17T20:12:05.631593,GET,/static/image/logo.png,304,0.738,127.0.0.1
2025-12-17T20:12:07.294147,GET,/stats,200,50.117,127.0.0.1
2025-12-17T20:12:07.337776,GET,/static/image/logo.png,304,0.578,127.0.0.1
2025-12-17T20:12:40.367526,POST,/search,200,17.665,127.0.0.1
2025-12-17T20:12:47.645324,GET,/client,200,56.965,127.0.0.1
2025-12-17T20:12:47.693476,GET,/static/image/logo.png,304,1.052,127.0.0.1
2025-12-17T20:12:48.698037,GET,/,200,0.173,127.0.0.1
2025-12-17T20:12:48.745256,GET,/static/image/logo.png,304,1.208,127.0.0.1
2025-12-17T20:13:06.951534,POST,/,200,0.371,127.0.0.1
2025-12-17T20:13:06.982086,GET,/static/image/logo.png,304,0.653,127.0.0.1
2025-12-17T20:13:17.750576,POST,/,200,0.316,127.0.0.1
2025-12-17T20:13:17.789723,GET,/static/image/logo.png,304,0.903,127.0.0.1
2025-12-17T20:13:27.181982,GET,/metrics,200,17.954,127.0.0.1
2025-12-17T20:13:27.219894,GET,/static/image/logo.png,304,0.693,127.0.0.1
2025-12-17T20:14:04.489552,GET,/metrics,200,0.911,127.0.0.1
2025-12-17T20:14:04.532736,GET,/static/image/logo.png,304,0.9,127.0.0.1
2025-12-17T20:14:06.934091,GET,/,200,0.184,127.0.0.1
2025-12-17T20:14:06.986411,GET,/static/image/logo.png,304,0.586,127.0.0.1
2025-12-17T20:14:09.092721,GET,/stats,200,13.123,127.0.0.1
2025-12-17T20:14:09.141142,GET,/static/image/logo.png,304,0.636,127.0.0.1
2025-12-17T20:14:21.469368,GET,/,200,0.162,127.0.0.1
2025-12-17T20:14:21.520711,GET,/static/image/logo.png,304,1.992,127.0.0.1
2025-12-17T20:14:23.228435,POST,/,200,44.783,127.0.0.1
2025-12-17T20:14:23.264190,GET,/static/image/logo.png,304,0.721,127.0.0.1
2025-12-17T20:14:25.249916,POST,/,200,12.476,127.0.0.1
2025-12-17T20:14:25.285317,GET,/static/image/logo.png,304,0.727,127.0.0.1
2025-12-17T20:14:28.354120,GET,/client,200,0.165,127.0.0.1
2025-12-17T20:14:28.393941,GET,/static/image/logo.png,304,0.591,127.0.0.1
2025-12-17T20:14:30.203758,POST,/client,200,0.235,127.0.0.1
2025-12-17T20:14:30.239788,GET,/static/image/logo.png,304,0.747,127.0.0.1
2025-12-17T20:14:33.057071,GET,/,200,0.194,127.0.0.1
2025-12-17T20:14:33.096346,GET,/static/image/logo.png,304,0.776,127.0.0.1
2025-12-17T20:14:35.620956,GET,/metrics,200,13.351,127.0.0.1
2025-12-17T20:14:35.668458,GET,/static/image/logo.png,304,0.973,127.0.0.1
2025-12-17T20:14:38.194456,GET,/,200,0.177,127.0.0.1
2025-12-17T20:14:38.250909,GET,/static/image/logo.png,304,1.483,127.0.0.1
2025-12-17T20:14:39.391536,GET,/stats,200,12.234,127.0.0.1
2025-12-17T20:14:39.442168,GET,/static/image/logo.png,304,0.602,127.0.0.1
2025-12-17T20:14:48.680445,GET,/client,200,0.161,127.0.0.1
2025-12-17T20:14:48.734627,GET,/static/image/logo.png,304,0.616,127.0.0.1
2025-12-17T20:14:50.766955,POST,/client,200,0.267,127.0.0.1
2025-12-17T20:14:50.805847,GET,/static/image/logo.png,304,0.65,127.0.0.1
2025-12-17T20:14:57.755098,POST,/client,200,0.253,127.0.0.1
2025-12-17T20:14:57.799216,GET,/static/image/logo.png,304,0.688,127.0.0.1
2025-12-17T20:14:59.735335,GET,/,200,0.165,127.0.0.1
2025-12-17T20:14:59.770282,GET,/static/image/logo.png,304,0.569,127.0.0.1
2025-12-17T20:15:02.334440,POST,/,200,15.918,127.0.0.1
2025-12-17T20:15:02.369760,GET,/static/image/logo.png,304,0.572,127.0.0.1
2025-12-17T20:15:23.570608,POST,/search,200,18.417,127.0.0.1
2025-12-17T20:15:23.607175,GET,/doc/emp_761,200,9.045,127.0.0.1
2025-12-17T20:35:18.058070,GET,/,200,0.239,127.0.0.1
2025-12-17T20:35:18.091769,GET,/static/image/logo.png,304,0.589,127.0.0.1
2025-12-17T20:47:35.441647,GET,/,200,0.276,127.0.0.1
2025-12-17T20:47:35.474516,GET,/static/image/logo.png,304,0.679,127.0.0.1
